-- MySQL dump 10.13  Distrib 8.0.34, for Win64 (x86_64)
--
-- Host: 127.0.0.1    Database: pc_assembly
-- ------------------------------------------------------
-- Server version	8.0.35

/*!40101 SET @OLD_CHARACTER_SET_CLIENT=@@CHARACTER_SET_CLIENT */;
/*!40101 SET @OLD_CHARACTER_SET_RESULTS=@@CHARACTER_SET_RESULTS */;
/*!40101 SET @OLD_COLLATION_CONNECTION=@@COLLATION_CONNECTION */;
/*!50503 SET NAMES utf8 */;
/*!40103 SET @OLD_TIME_ZONE=@@TIME_ZONE */;
/*!40103 SET TIME_ZONE='+00:00' */;
/*!40014 SET @OLD_UNIQUE_CHECKS=@@UNIQUE_CHECKS, UNIQUE_CHECKS=0 */;
/*!40014 SET @OLD_FOREIGN_KEY_CHECKS=@@FOREIGN_KEY_CHECKS, FOREIGN_KEY_CHECKS=0 */;
/*!40101 SET @OLD_SQL_MODE=@@SQL_MODE, SQL_MODE='NO_AUTO_VALUE_ON_ZERO' */;
/*!40111 SET @OLD_SQL_NOTES=@@SQL_NOTES, SQL_NOTES=0 */;

--
-- Table structure for table `account`
--

DROP TABLE IF EXISTS account;
/*!40101 SET @saved_cs_client     = @@character_set_client */;
/*!50503 SET character_set_client = utf8mb4 */;
CREATE TABLE `account` (
  id bigint NOT NULL AUTO_INCREMENT,
  bonuses int DEFAULT '0',
  email varchar(255) DEFAULT NULL,
  lastname varchar(255) DEFAULT NULL,
  `name` varchar(255) DEFAULT NULL,
  `password` varchar(255) DEFAULT NULL,
  phone_number varchar(255) DEFAULT NULL,
  photo varchar(255) DEFAULT NULL,
  user_role_id bigint DEFAULT NULL,
  PRIMARY KEY (id),
  UNIQUE KEY email_UNIQUE (email),
  UNIQUE KEY phone_number_UNIQUE (phone_number),
  KEY FKpclhcaajf8rhg3iniggmxxqxg (user_role_id),
  CONSTRAINT FKpclhcaajf8rhg3iniggmxxqxg FOREIGN KEY (user_role_id) REFERENCES user_role (id)
) ENGINE=InnoDB AUTO_INCREMENT=21 DEFAULT CHARSET=utf8mb4 COLLATE=utf8mb4_0900_ai_ci;
/*!40101 SET character_set_client = @saved_cs_client */;

--
-- Dumping data for table `account`
--

LOCK TABLES account WRITE;
/*!40000 ALTER TABLE account DISABLE KEYS */;
INSERT INTO account VALUES (1,0,'dk1gdo@gmail.com','Гариев','Денис','1234','7934593745','CatDefaultAvatar.png',1),(2,0,'svezihnin@gmail.com','Свежинин','Кирилл','5678','3495396593','CatDefaultAvatar.png',1),(10,0,'frfr@gmail.com','Власов','Игорь','ef797c8118f02dfb649607dd5d3f8c7623048c9c063d532cc95c5ed7a898a64f','89920075364','CatDefaultAvatar.png',1),(13,0,'ffdsfdsfs@gmail.com','Зелинский','Влад','ef797c8118f02dfb649607dd5d3f8c7623048c9c063d532cc95c5ed7a898a64f','89910075364','CatDefaultAvatar.png',1),(14,0,'example@gmail.com','Example','Example','ef797c8118f02dfb649607dd5d3f8c7623048c9c063d532cc95c5ed7a898a64f','89210075364','CatDefaultAvatar.png',1),(16,0,'example2@gmail.com','Exampl2e','Exampl2e','ff9f2bedb6b5fafb064c5dccfc18efe737795d515ba7c832a77ff91b60dab310','892435434','CatDefaultAvatar.png',1),(20,0,'Cat@mail.ru','','Cat','a4c42f407f5ee0bf49b49408e7a619b493498a16ee18337390d14806026db27d','','CatDefaultAvatar.png',1);
/*!40000 ALTER TABLE account ENABLE KEYS */;
UNLOCK TABLES;

--
-- Table structure for table `assembly`
--

DROP TABLE IF EXISTS assembly;
/*!40101 SET @saved_cs_client     = @@character_set_client */;
/*!50503 SET character_set_client = utf8mb4 */;
CREATE TABLE assembly (
  id bigint NOT NULL AUTO_INCREMENT,
  assembly_code varchar(255) DEFAULT NULL,
  availability varchar(255) DEFAULT NULL,
  date_created varchar(255) DEFAULT NULL,
  images varchar(1500) DEFAULT NULL,
  title varchar(255) DEFAULT NULL,
  PRIMARY KEY (id)
) ENGINE=InnoDB AUTO_INCREMENT=6 DEFAULT CHARSET=utf8mb4 COLLATE=utf8mb4_0900_ai_ci;
/*!40101 SET character_set_client = @saved_cs_client */;

--
-- Dumping data for table `assembly`
--

LOCK TABLES assembly WRITE;
/*!40000 ALTER TABLE assembly DISABLE KEYS */;
INSERT INTO assembly VALUES (1,'HGJ67790JK','Есть в наличии','18/11/2023','hdsjfgsjdf.png','Моя сборка'),(2,'TPLFLD68HFDS','Нет в наличии','05/11/2023','fgdhjgbfj.jpg','Гамать'),(3,'ysdfsd76sdfsd7fd1','Есть в наличии','02/12/2023','пк1.jpeg','Мой мега супер пупер крутой комп'),(4,'ysdfsd76sdfsd7fd1','Есть в наличии','03/12/2023','superPyper.png','Мой мега супер пупер крутой комп'),(5,'ysdfsd76sdfsd7fd1','Есть в наличии','03/12/2023','superPyper.png','Мой мега супер пупер крутой комп');
/*!40000 ALTER TABLE assembly ENABLE KEYS */;
UNLOCK TABLES;

--
-- Table structure for table `assembly_component`
--

DROP TABLE IF EXISTS assembly_component;
/*!40101 SET @saved_cs_client     = @@character_set_client */;
/*!50503 SET character_set_client = utf8mb4 */;
CREATE TABLE assembly_component (
  assembly_id bigint NOT NULL,
  component_id bigint NOT NULL,
  KEY FKq2grrgnq9534lib1p5e4f4vnf (component_id),
  KEY FK8549uhvlod5f42uuyqm7tdxj3 (assembly_id),
  CONSTRAINT FK8549uhvlod5f42uuyqm7tdxj3 FOREIGN KEY (assembly_id) REFERENCES assembly (id),
  CONSTRAINT FKq2grrgnq9534lib1p5e4f4vnf FOREIGN KEY (component_id) REFERENCES `component` (id)
) ENGINE=InnoDB DEFAULT CHARSET=utf8mb4 COLLATE=utf8mb4_0900_ai_ci;
/*!40101 SET character_set_client = @saved_cs_client */;

--
-- Dumping data for table `assembly_component`
--

LOCK TABLES assembly_component WRITE;
/*!40000 ALTER TABLE assembly_component DISABLE KEYS */;
INSERT INTO assembly_component VALUES (2,2),(2,4),(1,1),(3,1),(4,1),(5,1),(1,3),(3,3),(4,3),(5,3);
/*!40000 ALTER TABLE assembly_component ENABLE KEYS */;
UNLOCK TABLES;

--
-- Table structure for table `cart`
--

DROP TABLE IF EXISTS cart;
/*!40101 SET @saved_cs_client     = @@character_set_client */;
/*!50503 SET character_set_client = utf8mb4 */;
CREATE TABLE cart (
  id bigint NOT NULL AUTO_INCREMENT,
  count int DEFAULT NULL,
  assembly_id bigint DEFAULT NULL,
  user_id bigint DEFAULT NULL,
  PRIMARY KEY (id),
  KEY FKh90f06rpx2xt2alj4obm4lhox (assembly_id),
  KEY FKkv2m9ommx9qx1dy233gr8egxs (user_id),
  CONSTRAINT FKh90f06rpx2xt2alj4obm4lhox FOREIGN KEY (assembly_id) REFERENCES assembly (id),
  CONSTRAINT FKkv2m9ommx9qx1dy233gr8egxs FOREIGN KEY (user_id) REFERENCES `account` (id)
) ENGINE=InnoDB AUTO_INCREMENT=3 DEFAULT CHARSET=utf8mb4 COLLATE=utf8mb4_0900_ai_ci;
/*!40101 SET character_set_client = @saved_cs_client */;

--
-- Dumping data for table `cart`
--

LOCK TABLES cart WRITE;
/*!40000 ALTER TABLE cart DISABLE KEYS */;
INSERT INTO cart VALUES (1,3,2,2),(2,1,1,1);
/*!40000 ALTER TABLE cart ENABLE KEYS */;
UNLOCK TABLES;

--
-- Table structure for table `city`
--

DROP TABLE IF EXISTS city;
/*!40101 SET @saved_cs_client     = @@character_set_client */;
/*!50503 SET character_set_client = utf8mb4 */;
CREATE TABLE city (
  id bigint NOT NULL AUTO_INCREMENT,
  title varchar(255) DEFAULT NULL,
  PRIMARY KEY (id)
) ENGINE=InnoDB AUTO_INCREMENT=4 DEFAULT CHARSET=utf8mb4 COLLATE=utf8mb4_0900_ai_ci;
/*!40101 SET character_set_client = @saved_cs_client */;

--
-- Dumping data for table `city`
--

LOCK TABLES city WRITE;
/*!40000 ALTER TABLE city DISABLE KEYS */;
INSERT INTO city VALUES (1,'Казань'),(2,'Екатеринбург'),(3,'Москва');
/*!40000 ALTER TABLE city ENABLE KEYS */;
UNLOCK TABLES;

--
-- Table structure for table `component`
--

DROP TABLE IF EXISTS component;
/*!40101 SET @saved_cs_client     = @@character_set_client */;
/*!50503 SET character_set_client = utf8mb4 */;
CREATE TABLE `component` (
  id bigint NOT NULL AUTO_INCREMENT,
  characteristics varchar(4500) NOT NULL,
  color varchar(1000) DEFAULT NULL,
  count int NOT NULL,
  country_of_origin varchar(1000) NOT NULL,
  `description` varchar(1000) DEFAULT NULL,
  discount int NOT NULL,
  guarantee int NOT NULL,
  images varchar(1500) NOT NULL,
  model varchar(1000) DEFAULT NULL,
  price int NOT NULL,
  title varchar(1000) NOT NULL,
  component_type_id bigint NOT NULL,
  PRIMARY KEY (id),
  KEY FK1sk8sa7dberl9573gw37hkt35 (component_type_id),
  CONSTRAINT FK1sk8sa7dberl9573gw37hkt35 FOREIGN KEY (component_type_id) REFERENCES component_type (id)
) ENGINE=InnoDB AUTO_INCREMENT=1054 DEFAULT CHARSET=utf8mb4 COLLATE=utf8mb4_0900_ai_ci;
/*!40101 SET character_set_client = @saved_cs_client */;

--
-- Dumping data for table `component`
--

LOCK TABLES component WRITE;
/*!40000 ALTER TABLE component DISABLE KEYS */;
INSERT INTO component VALUES (1,'Год релиза: 2021','Черный',45,'Китай','Материнская плата MSI MAG Z690 TOMAHAWK WIFI обладает свойствами надежной платформы для создания мощного ПК для профессиональной деятельности и игр. Она относится к решениям полноразмерного формата и основана на чипсете Intel Z690. В оснащение платы входят четыре слота для установки планок ОЗУ стандарта DDR5, слоты PCI-E x16 версии 5.0, разъемы M.2 и SATA для подключения устройств хранения информации. Плата выделяется расширенными коммуникационными возможностями, среди которых отмечаются сетевой контроллер 2.5 Гбит/с, модули Wi-Fi и Bluetooth. Система питания 18 фаз и надежные компоненты гарантируют стабильность функционирования MSI MAG Z690 TOMAHAWK.',5,36,'пыов.png','MSI MAG Z690 TOMAHAWK WIFI',19799,'Материнская плата MSI MAG Z690 TOMAHAWK WIFI',1),(2,'Год релиза: 2022','Черный',23,'Китай','Материнская плата MSI PRO Z790-A WIFI – модель из профессиональной серии. Она обладает мощными характеристиками и надежной элементной базой для обеспечения производительности при выполнении требовательных задач. Внешне плата примечательна крупными радиаторами, которые способствуют эффективному отведению тепла от компонентов. Для подключения комплектующих предусмотрены разъем LGA 1700, 4 слота DIMM DDR5, 3 слота расширения PCI-E x16. Создание вместительного хранилища возможно с помощью 4 разъемов M.2 и 6 SATA.',10,36,'нн43н.png','MSI PRO Z790-A WIFI',26999,'Материнская плата MSI PRO Z790-A WIFI',1),(3,'Год релиза: 2022','Серый',76,'Вьетнам','Процессор Intel Core i5-12400F OEM – отличный выбор для пользователей, желающих собрать игровой ПК или производительный универсальный компьютер. CPU имеет 6 производительных ядер. Базовая частота процессора – 2.5 ГГц. Максимальная частота в турборежиме значительно выше – 4.4 ГГц. Значительное влияние на производительность процессора оказывают 7.5-мегабайтный кэш L2 и 18-мегабайтный кэш L3. Устройство совместимо с оперативной памятью DDR4 и DDR5. Максимально поддерживаемый объем ОЗУ равен 128 ГБ.',5,12,'ныуа.jpg','Intel Core i5-12400F',15899,'Процессор Intel Core i5-12400F OEM',2),(4,'Год релиза: 2020','Серый',33,'Китай','Процессор AMD Ryzen 5 5600X OEM с поддержкой технологии виртуализации обеспечит игровому ПК высокую мощность и производительность. В построении архитектуры чипа применялся 7-нм техпроцесс, благодаря чему оптимизирована скорость выполнения всех операций и энергопотребление. 6 ядер, работающие в 12-поточном режиме, и кэш-память L3 на 32 МБ эффективно взаимодействуют друг с другом, что позволило сократить до минимума задержки обмена данными. Поэтому игрок сможет быстро и четко реагировать на происходящее в игре.',0,12,'jvsdf.png','AMD Ryzen 5 5600X',15499,'Процессор AMD Ryzen 5 5600X OEM',2),(949,'---Основные---<br>Производитель - MSI<br>Код производителя - RTX 3060 VENTUS 2X 12G OC<br>Интерфейс - PCI Express 4.0<br>Производитель видеопроцессора - NVIDIA<br>Серия - GeForce RTX 3060<br>Количество занимаемых слотов - 2<br>Низкопрофильная карта (Low Profile) - нет<br>Система охлаждения - активная<br>Разъёмы - HDMI, 3 x DisplayPort<br>Архитектура графического процессора - nVidia Ampere<br>Кодовое название графического процессора - GA106<br>Техпроцесс - 8 нм<br>Частота графического процессора - 1320 МГц<br>Частота графического процессора (Boost) - 1807 МГц<br>Число универсальных процессоров - 3584<br>OC версия - да<br>Поддержка SLI/CrossFire - нет<br>Поддержка DirectX - DirectX 12 Ultimate<br>Поддержка OpenGL - OpenGL 4.6<br>Объём памяти - 12 Гб<br>Тип памяти - GDDR6<br>Шина памяти (разрядность) - 192 бит<br>Частота видеопамяти - 15000 МГц<br>Количество поддерживаемых мониторов - 4<br>Максимальное разрешение - 7680x4320<br>Необходимость дополнительного питания - да<br>Разъём дополнительного питания - 8 pin<br>Рекомендуемая мощность блока питания - 550 Вт<br>TDP - 170 Вт<br>Тип поставки - Retail<br>Цвета, использованные в оформлении - чёрный<br>Размеры (ШхВхГ) - 235 x 124 x 42 мм<br>Вес - 0.7 кг<br>Гарантия - 36 мес.<br>Сайт производителя - www.msi.com<br><br><br>','чёрный',90,'MSI','',0,36,'Видеокарта_1-0.png<br>Видеокарта_1-1.png<br>Видеокарта_1-2.png<br>','',35120,'Видеокарта NVIDIA GeForce RTX 3060 MSI 12Gb (RTX 3060 VENTUS 2X 12G OC)',5),(950,'---Основные---<br>Производитель - MSI<br>Код производителя - RTX 3050 VENTUS 2X XS 8G OC<br>Интерфейс - PCI Express 4.0<br>Производитель видеопроцессора - NVIDIA<br>Серия - GeForce RTX 3050<br>Количество занимаемых слотов - 2<br>Низкопрофильная карта (Low Profile) - нет<br>Система охлаждения - активная<br>Количество вентиляторов - 2<br>Разъёмы - DVI, HDMI, DisplayPort<br>Архитектура графического процессора - nVidia Ampere<br>Кодовое название графического процессора - GA106<br>Техпроцесс - 8 нм<br>Частота графического процессора - 1552 МГц<br>Частота графического процессора (Boost) - 1807 МГц<br>Число универсальных процессоров - 2560<br>LHR - да<br>OC версия - да<br>Поддержка SLI/CrossFire - нет<br>Поддержка DirectX - DirectX 12 Ultimate<br>Поддержка OpenGL - OpenGL 4.6<br>Объём памяти - 8 Гб<br>Тип памяти - GDDR6<br>Шина памяти (разрядность) - 128 бит<br>Пропускная способность - 224 ГБ/c<br>Частота видеопамяти - 14000 МГц<br>Количество поддерживаемых мониторов - 4<br>Максимальное разрешение - 7680x4320<br>Необходимость дополнительного питания - да<br>Разъём дополнительного питания - 8 pin<br>Рекомендуемая мощность блока питания - 550 Вт<br>TGP - 130<br>Тип поставки - Retail<br>Цвета, использованные в оформлении - чёрный<br>Размеры (ШхВхГ) - 205 x 112 x 45 мм<br>Гарантия - 36 мес.<br>Сайт производителя - www.msi.com<br><br><br>','чёрный',19,'MSI','',15,36,'Видеокарта_2-0.png<br>Видеокарта_2-1.png<br>Видеокарта_2-2.png<br>','',27590,'Видеокарта NVIDIA GeForce RTX 3050 MSI 8Gb (RTX 3050 VENTUS 2X XS 8G OC)',5),(951,'---Основные---<br>Производитель - Palit<br>Код производителя - NE64060T19P1-1070D<br>Внимание - интерфейс PCI-E x8<br>Интерфейс - PCI Express 4.0<br>Производитель видеопроцессора - NVIDIA<br>Серия - GeForce RTX 4060<br>Количество занимаемых слотов - 2<br>Низкопрофильная карта (Low Profile) - нет<br>Система охлаждения - активная<br>Количество вентиляторов - 2<br>Разъёмы - HDMI, 3 x DisplayPort<br>Архитектура графического процессора - nVidia Ada Lovelace<br>Кодовое название графического процессора - AD107<br>Техпроцесс - 5 нм<br>Частота графического процессора - 1830 МГц<br>Частота графического процессора (Boost) - 2475 МГц<br>Число универсальных процессоров - 3072<br>OC версия - да<br>Поддержка SLI/CrossFire - нет<br>Поддержка DirectX - DirectX 12 Ultimate<br>Поддержка OpenGL - OpenGL 4.6<br>Объём памяти - 8 Гб<br>Тип памяти - GDDR6<br>Шина памяти (разрядность) - 128 бит<br>Пропускная способность - 288 ГБ/c<br>Частота видеопамяти - 18000 МГц<br>Количество поддерживаемых мониторов - 4<br>Максимальное разрешение - 7680x4320<br>Необходимость дополнительного питания - да<br>Разъём дополнительного питания - 8 pin<br>Рекомендуемая мощность блока питания - 600 Вт<br>TGP - 115<br>Подсветка - да<br>Тип поставки - Retail<br>Цвета, использованные в оформлении - чёрный<br>Размеры (ШхВхГ) - 250 x 124 x 40 мм<br>Гарантия - 36 мес.<br>Сайт производителя - www.palit.com<br><br><br>','чёрный',56,'Palit','',5,36,'Видеокарта_3-0.png<br>Видеокарта_3-1.png<br>Видеокарта_3-2.png<br>','',35550,'Видеокарта NVIDIA GeForce RTX 4060 Palit Dual OC 8Gb (NE64060T19P1-1070D)',5),(952,'---Основные---<br>Производитель - Gigabyte<br>Код производителя - GV-N3060GAMING OC-12GD V2.0 LHR<br>Интерфейс - PCI Express 4.0<br>Производитель видеопроцессора - NVIDIA<br>Серия - GeForce RTX 3060<br>Количество занимаемых слотов - 2<br>Низкопрофильная карта (Low Profile) - нет<br>Система охлаждения - активная<br>Разъёмы - 2 x HDMI, 2 x DisplayPort<br>Архитектура графического процессора - nVidia Ampere<br>Кодовое название графического процессора - GA106<br>Техпроцесс - 8 нм<br>Частота графического процессора - 1320 МГц<br>Частота графического процессора (Boost) - 1837 МГц<br>Число универсальных процессоров - 3584<br>LHR - да<br>OC версия - да<br>Поддержка SLI/CrossFire - нет<br>Поддержка DirectX - DirectX 12 Ultimate<br>Поддержка OpenGL - OpenGL 4.6<br>Объём памяти - 12 Гб<br>Тип памяти - GDDR6<br>Шина памяти (разрядность) - 192 бит<br>Частота видеопамяти - 15000 МГц<br>Количество поддерживаемых мониторов - 4<br>Максимальное разрешение - 7680x4320<br>Необходимость дополнительного питания - да<br>Разъём дополнительного питания - 8 pin<br>Рекомендуемая мощность блока питания - 550 Вт<br>Подсветка - да<br>Тип поставки - Retail<br>Цвета, использованные в оформлении - серебристый, чёрный<br>Размеры (ШхВхГ) - 282 x 117 x 41 мм<br>Вес - 0.77 кг<br>Гарантия - 36 мес.<br>Сайт производителя - www.gigabyte.ru<br><br><br>','серебристый, чёрный',76,'Gigabyte','',0,36,'Видеокарта_4-0.png<br>Видеокарта_4-1.png<br>Видеокарта_4-2.png<br>','',38560,'Видеокарта NVIDIA GeForce RTX 3060 Gigabyte 12Gb LHR (GV-N3060GAMING OC-12GD 2.0)',5),(953,'---Основные---<br>Производитель - Palit<br>Код производителя - NE64060019P1-1070D<br>Внимание - интерфейс PCI-E x8<br>Интерфейс - PCI Express 4.0<br>Производитель видеопроцессора - NVIDIA<br>Серия - GeForce RTX 4060<br>Количество занимаемых слотов - 2<br>Низкопрофильная карта (Low Profile) - нет<br>Система охлаждения - активная<br>Количество вентиляторов - 2<br>Разъёмы - HDMI, 3 x DisplayPort<br>Архитектура графического процессора - nVidia Ada Lovelace<br>Кодовое название графического процессора - AD107<br>Техпроцесс - 5 нм<br>Частота графического процессора - 1830 МГц<br>Частота графического процессора (Boost) - 2460 МГц<br>Число универсальных процессоров - 3072<br>Поддержка SLI/CrossFire - нет<br>Поддержка DirectX - DirectX 12 Ultimate<br>Поддержка OpenGL - OpenGL 4.6<br>Объём памяти - 8 Гб<br>Тип памяти - GDDR6<br>Шина памяти (разрядность) - 128 бит<br>Пропускная способность - 288 ГБ/c<br>Частота видеопамяти - 18000 МГц<br>Количество поддерживаемых мониторов - 4<br>Максимальное разрешение - 7680x4320<br>Необходимость дополнительного питания - да<br>Разъём дополнительного питания - 8 pin<br>Рекомендуемая мощность блока питания - 650 Вт<br>TGP - 160<br>Подсветка - да<br>Тип поставки - Retail<br>Цвета, использованные в оформлении - чёрный<br>Размеры (ШхВхГ) - 250 x 124 x 40 мм<br>Гарантия - 36 мес.<br>Сайт производителя - www.palit.com<br><br><br>','чёрный',81,'Palit','',5,36,'Видеокарта_5-0.png<br>Видеокарта_5-1.png<br>Видеокарта_5-2.png<br>','',35770,'Видеокарта NVIDIA GeForce RTX 4060 Palit Dual 8Gb (NE64060019P1-1070D)',5),(954,'---Основные---<br>Производитель - Palit<br>Код производителя - NE63060T19K9-190AD<br>Интерфейс - PCI Express 4.0<br>Производитель видеопроцессора - NVIDIA<br>Серия - GeForce RTX 3060<br>Объём памяти - 12 Гб<br>Тип памяти - GDDR6<br>Шина памяти (разрядность) - 192 бит<br>Частота видеопамяти - 15000 МГц<br>Архитектура графического процессора - nVidia Ampere<br>Кодовое название графического процессора - GA106<br>Техпроцесс - 8 нм<br>Частота графического процессора - 1320 МГц<br>Частота графического процессора (Boost) - 1837 МГц<br>Число универсальных процессоров - 3584<br>OC версия - да<br>Поддержка SLI/CrossFire - нет<br>Поддержка DirectX - DirectX 12 Ultimate<br>Поддержка OpenGL - OpenGL 4.6<br>Количество занимаемых слотов - 2<br>Низкопрофильная карта (Low Profile) - нет<br>Система охлаждения - активная<br>Количество вентиляторов - 2<br>Разъёмы - HDMI, 3 x DisplayPort<br>Количество поддерживаемых мониторов - 4<br>Максимальное разрешение - 7680x4320<br>Необходимость дополнительного питания - да<br>Разъём дополнительного питания - 8 pin<br>Рекомендуемая мощность блока питания - 550 Вт<br>TDP - 180 Вт<br>Подсветка - да<br>Тип поставки - Retail<br>Цвета, использованные в оформлении - чёрный<br>Размеры (ШхВхГ) - 245 x 119 x 40 мм<br>Вес - 0.7 кг<br>Гарантия - 36 мес.<br>Сайт производителя - www.palit.com<br><br><br>','чёрный',97,'Palit','',5,36,'Видеокарта_6-0.png<br>Видеокарта_6-1.png<br>Видеокарта_6-2.png<br>','',34500,'Видеокарта NVIDIA GeForce RTX 3060 Palit Dual OC 12Gb (NE63060T19K9-190AD)',5),(955,'---Основные---<br>Производитель - Palit<br>Код производителя - NE63060019K9-190AD<br>Интерфейс - PCI Express 4.0<br>Производитель видеопроцессора - NVIDIA<br>Серия - GeForce RTX 3060<br>Количество занимаемых слотов - 2<br>Низкопрофильная карта (Low Profile) - нет<br>Система охлаждения - активная<br>Разъёмы - HDMI, 3 x DisplayPort<br>Архитектура графического процессора - nVidia Ampere<br>Кодовое название графического процессора - GA106<br>Техпроцесс - 8 нм<br>Частота графического процессора - 1320 МГц<br>Частота графического процессора (Boost) - 1777 МГц<br>Число универсальных процессоров - 3584<br>Поддержка SLI/CrossFire - нет<br>Поддержка DirectX - DirectX 12 Ultimate<br>Поддержка OpenGL - OpenGL 4.6<br>Объём памяти - 12 Гб<br>Тип памяти - GDDR6<br>Шина памяти (разрядность) - 192 бит<br>Частота видеопамяти - 15000 МГц<br>Количество поддерживаемых мониторов - 4<br>Максимальное разрешение - 7680x4320<br>Необходимость дополнительного питания - да<br>Разъём дополнительного питания - 8 pin<br>Рекомендуемая мощность блока питания - 550 Вт<br>TDP - 170 Вт<br>Подсветка - да<br>Тип поставки - Retail<br>Цвета, использованные в оформлении - чёрный<br>Размеры (ШхВхГ) - 245 x 119 x 40 мм<br>Вес - 0.9 кг<br>Гарантия - 36 мес.<br>Сайт производителя - www.palit.com<br><br><br>','чёрный',55,'Palit','',0,36,'Видеокарта_7-0.png<br>Видеокарта_7-1.png<br>Видеокарта_7-2.png<br>','',34190,'Видеокарта NVIDIA GeForce RTX 3060 Palit Dual 12Gb (NE63060019K9-190AD)',5),(956,'---Основные---<br>Производитель - MSI<br>Код производителя - RTX 4070 SUPER 12G GAMING X SLIM<br>Интерфейс - PCI Express 4.0<br>Производитель видеопроцессора - NVIDIA<br>Серия - GeForce RTX 4070 Super<br>Количество занимаемых слотов - 2<br>Низкопрофильная карта (Low Profile) - нет<br>Система охлаждения - активная<br>Количество вентиляторов - 3<br>Разъёмы - HDMI, 3 x DisplayPort<br>Архитектура графического процессора - nVidia Ada Lovelace<br>Кодовое название графического процессора - AD104<br>Техпроцесс - 5 нм<br>Частота графического процессора - 1980 МГц<br>Частота графического процессора (Boost) - 2655 МГц<br>Число универсальных процессоров - 7168<br>OC версия - да<br>Поддержка SLI/CrossFire - нет<br>Поддержка DirectX - DirectX 12 Ultimate<br>Поддержка OpenGL - OpenGL 4.6<br>Объём памяти - 12 Гб<br>Тип памяти - GDDR6X<br>Шина памяти (разрядность) - 192 бит<br>Пропускная способность - 504 ГБ/c<br>Частота видеопамяти - 21000 МГц<br>Количество поддерживаемых мониторов - 4<br>Максимальное разрешение - 7680x4320<br>Необходимость дополнительного питания - да<br>Разъём дополнительного питания - 16 pin<br>Рекомендуемая мощность блока питания - 750 Вт<br>TGP - 245<br>Подсветка - да<br>Тип поставки - Retail<br>Цвета, использованные в оформлении - серый<br>Дополнительная информация - Extreme Performance: 2655 MHz (MSI Center) Boost: 2640 MHz (GAMING & SILENT Mode)<br>Размеры (ШхВхГ) - 307 x 125 x 46 мм<br>Гарантия - 36 мес.<br>Сайт производителя - www.msi.com<br><br><br>','серый',44,'MSI','',5,36,'Видеокарта_8-0.png<br>Видеокарта_8-1.png<br>Видеокарта_8-2.png<br>','',81190,'Видеокарта NVIDIA GeForce RTX 4070 Super MSI 12Gb (RTX 4070 SUPER 12G GAMING X SLIM)',5),(957,'---Основные---<br>Производитель - ASUS<br>Код производителя - DUAL-RTX3060-O12G-V2<br>Интерфейс - PCI Express 4.0<br>Производитель видеопроцессора - NVIDIA<br>Серия - GeForce RTX 3060<br>Количество занимаемых слотов - 2<br>Низкопрофильная карта (Low Profile) - нет<br>Система охлаждения - активная<br>Разъёмы - HDMI, 3 x DisplayPort<br>Архитектура графического процессора - nVidia Ampere<br>Кодовое название графического процессора - GA106<br>Техпроцесс - 8 нм<br>Частота графического процессора - 1320 МГц<br>Частота графического процессора (Boost) - 1867 МГц<br>Число универсальных процессоров - 3584<br>LHR - да<br>Поддержка SLI/CrossFire - нет<br>Поддержка DirectX - DirectX 12 Ultimate<br>Поддержка OpenGL - OpenGL 4.6<br>Объём памяти - 12 Гб<br>Тип памяти - GDDR6<br>Шина памяти (разрядность) - 192 бит<br>Частота видеопамяти - 15000 МГц<br>Количество поддерживаемых мониторов - 4<br>Максимальное разрешение - 7680x4320<br>Необходимость дополнительного питания - да<br>Разъём дополнительного питания - 8 pin<br>Рекомендуемая мощность блока питания - 650 Вт<br>Подсветка - да<br>Тип поставки - Retail<br>Цвета, использованные в оформлении - чёрный<br>Дополнительная информация - OC Mode - 1867 MHz (Boost Clock)<br>Размеры (ШхВхГ) - 200 x 123 x 38 мм<br>Вес - 1 кг<br>Гарантия - 36 мес.<br>Сайт производителя - www.asus.com<br><br><br>','чёрный',34,'ASUS','',10,36,'Видеокарта_9-0.png<br>Видеокарта_9-1.png<br>Видеокарта_9-2.png<br>','',35160,'Видеокарта NVIDIA GeForce RTX 3060 ASUS 12Gb LHR (DUAL-RTX3060-O12G-V2)',5),(958,'---Основные---<br>Производитель - MSI<br>Код производителя - RTX 4060 TI GAMING X SLIM 16G<br>Интерфейс - PCI Express 4.0<br>Производитель видеопроцессора - NVIDIA<br>Серия - GeForce RTX 4060 Ti<br>Количество занимаемых слотов - 2<br>Низкопрофильная карта (Low Profile) - нет<br>Система охлаждения - активная<br>Количество вентиляторов - 3<br>Разъёмы - HDMI, 3 x DisplayPort<br>Архитектура графического процессора - nVidia Ada Lovelace<br>Кодовое название графического процессора - AD106<br>Техпроцесс - 5 нм<br>Частота графического процессора - 2670 МГц<br>Частота графического процессора (Boost) - 2685 МГц<br>Число универсальных процессоров - 4352<br>OC версия - да<br>Поддержка SLI/CrossFire - нет<br>Поддержка DirectX - DirectX 12 Ultimate<br>Поддержка OpenGL - OpenGL 4.6<br>Объём памяти - 16 Гб<br>Тип памяти - GDDR6<br>Шина памяти (разрядность) - 128 бит<br>Пропускная способность - 288 ГБ/c<br>Частота видеопамяти - 18000 МГц<br>Количество поддерживаемых мониторов - 4<br>Максимальное разрешение - 7680x4320<br>Необходимость дополнительного питания - да<br>Разъём дополнительного питания - 8 pin<br>Рекомендуемая мощность блока питания - 650 Вт<br>TGP - 160<br>Подсветка - да<br>Тип поставки - Retail<br>Цвета, использованные в оформлении - серый, чёрный<br>Размеры (ШхВхГ) - 307 x 125 x 46 мм<br>Вес - 0.9 кг<br>Гарантия - 36 мес.<br>Сайт производителя - www.msi.com<br><br><br>','серый, чёрный',93,'MSI','',15,36,'Видеокарта_10-0.png<br>Видеокарта_10-1.png<br>Видеокарта_10-2.png<br>','',60500,'Видеокарта NVIDIA GeForce RTX 4060 Ti MSI 16Gb (RTX 4060 TI GAMING X SLIM 16G)',5),(959,'---Основные---<br>Производитель - Palit<br>Код производителя - NED47TSH19T2-1043A<br>Интерфейс - PCI Express 4.0<br>Производитель видеопроцессора - NVIDIA<br>Серия - GeForce RTX 4070 Ti Super<br>Количество занимаемых слотов - 3<br>Низкопрофильная карта (Low Profile) - нет<br>Система охлаждения - активная<br>Количество вентиляторов - 3<br>Разъёмы - HDMI, 3 x DisplayPort<br>Архитектура графического процессора - nVidia Ada Lovelace<br>Кодовое название графического процессора - AD103<br>Техпроцесс - 5 нм<br>Частота графического процессора - 2340 МГц<br>Частота графического процессора (Boost) - 2670 МГц<br>Число универсальных процессоров - 8448<br>OC версия - да<br>Поддержка SLI/CrossFire - нет<br>Поддержка DirectX - DirectX 12 Ultimate<br>Поддержка OpenGL - OpenGL 4.6<br>Объём памяти - 16 Гб<br>Тип памяти - GDDR6X<br>Шина памяти (разрядность) - 256 бит<br>Пропускная способность - 672.3 ГБ/c<br>Частота видеопамяти - 21000 МГц<br>Количество поддерживаемых мониторов - 4<br>Максимальное разрешение - 7680x4320<br>Необходимость дополнительного питания - да<br>Разъём дополнительного питания - 16 pin<br>Рекомендуемая мощность блока питания - 750 Вт<br>TGP - 285<br>Подсветка - да<br>Тип поставки - Retail<br>Цвета, использованные в оформлении - чёрный<br>Размеры (ШхВхГ) - 329 x 133 x 63 мм<br>Гарантия - 36 мес.<br>Сайт производителя - www.palit.com<br><br><br>','чёрный',59,'Palit','',15,36,'Видеокарта_11-0.png<br>Видеокарта_11-1.png<br>Видеокарта_11-2.png<br>','',110470,'Видеокарта NVIDIA GeForce RTX 4070 Ti Super Palit GamingPro OC 16Gb (NED47TSH19T2-1043A)',5),(960,'---Основные---<br>Производитель - ASUS<br>Код производителя - TUF-RTX4070TIS-16G-GAMING<br>Интерфейс - PCI Express 4.0<br>Производитель видеопроцессора - NVIDIA<br>Серия - GeForce RTX 4070 Ti Super<br>Количество занимаемых слотов - 3.5<br>Низкопрофильная карта (Low Profile) - нет<br>Система охлаждения - активная<br>Количество вентиляторов - 3<br>Разъёмы - 2 x HDMI, 3 x DisplayPort<br>Архитектура графического процессора - nVidia Ada Lovelace<br>Кодовое название графического процессора - AD103<br>Техпроцесс - 5 нм<br>Частота графического процессора - 2340 МГц<br>Частота графического процессора (Boost) - 2640 МГц<br>Число универсальных процессоров - 8448<br>Поддержка SLI/CrossFire - нет<br>Поддержка DirectX - DirectX 12 Ultimate<br>Поддержка OpenGL - OpenGL 4.6<br>Объём памяти - 16 Гб<br>Тип памяти - GDDR6X<br>Шина памяти (разрядность) - 256 бит<br>Пропускная способность - 717 ГБ/c<br>Частота видеопамяти - 21000 МГц<br>Количество поддерживаемых мониторов - 4<br>Максимальное разрешение - 7680x4320<br>Необходимость дополнительного питания - да<br>Разъём дополнительного питания - 16 pin<br>Рекомендуемая мощность блока питания - 750 Вт<br>TGP - 320<br>Подсветка - да<br>Тип поставки - Retail<br>Цвета, использованные в оформлении - чёрный<br>Размеры (ШхВхГ) - 305 x 138 x 65 мм<br>Гарантия - 36 мес.<br>Сайт производителя - www.asus.com<br><br><br>','чёрный',28,'ASUS','',0,36,'Видеокарта_12-0.png<br>Видеокарта_12-1.png<br>Видеокарта_12-2.png<br>','',123520,'Видеокарта NVIDIA GeForce RTX 4070 Ti Super ASUS 16Gb (TUF-RTX4070TIS-16G-GAMING)',5),(961,'---Основные---<br>Производитель - Palit<br>Код производителя - NE63050018JE-1070F<br>Интерфейс - PCI Express 4.0<br>Производитель видеопроцессора - NVIDIA<br>Серия - GeForce RTX 3050<br>Количество занимаемых слотов - 2<br>Низкопрофильная карта (Low Profile) - нет<br>Система охлаждения - активная<br>Количество вентиляторов - 1<br>Разъёмы - DVI, HDMI, DisplayPort<br>Архитектура графического процессора - nVidia Ampere<br>Кодовое название графического процессора - AD107<br>Техпроцесс - 8 нм<br>Частота графического процессора - 1042 МГц<br>Частота графического процессора (Boost) - 1470 МГц<br>Число универсальных процессоров - 2304<br>LHR - да<br>Поддержка SLI/CrossFire - нет<br>Поддержка DirectX - DirectX 12 Ultimate<br>Поддержка OpenGL - OpenGL 4.6<br>Объём памяти - 6 Гб<br>Тип памяти - GDDR6<br>Шина памяти (разрядность) - 96 бит<br>Пропускная способность - 168 ГБ/c<br>Частота видеопамяти - 14000 МГц<br>Количество поддерживаемых мониторов - 4<br>Максимальное разрешение - 7680x4320<br>Необходимость дополнительного питания - нет<br>Рекомендуемая мощность блока питания - 400 Вт<br>TGP - 70<br>Тип поставки - Retail<br>Цвета, использованные в оформлении - чёрный<br>Размеры (ШхВхГ) - 162 x 117 x 40 мм<br>Гарантия - 36 мес.<br>Сайт производителя - www.palit.com<br><br><br>','чёрный',64,'Palit','',0,36,'Видеокарта_13-0.png<br>Видеокарта_13-1.png<br>Видеокарта_13-2.png<br>','',20600,'Видеокарта NVIDIA GeForce RTX 3050 Palit StormX 6Gb (NE63050018JE-1070F)',5),(962,'---Основные---<br>Производитель - Palit<br>Код производителя - NE6406TT19P1-1060D<br>Интерфейс - PCI Express 4.0<br>Производитель видеопроцессора - NVIDIA<br>Серия - GeForce RTX 4060 Ti<br>Количество занимаемых слотов - 2<br>Низкопрофильная карта (Low Profile) - нет<br>Система охлаждения - активная<br>Количество вентиляторов - 2<br>Разъёмы - HDMI, 3 x DisplayPort<br>Архитектура графического процессора - nVidia Ada Lovelace<br>Кодовое название графического процессора - AD106<br>Техпроцесс - 5 нм<br>Частота графического процессора - 2310 МГц<br>Частота графического процессора (Boost) - 2685 МГц<br>Число универсальных процессоров - 4352<br>OC версия - да<br>Поддержка SLI/CrossFire - нет<br>Поддержка DirectX - DirectX 12 Ultimate<br>Поддержка OpenGL - OpenGL 4.6<br>Объём памяти - 8 Гб<br>Тип памяти - GDDR6<br>Шина памяти (разрядность) - 128 бит<br>Пропускная способность - 288 ГБ/c<br>Частота видеопамяти - 18000 МГц<br>Количество поддерживаемых мониторов - 4<br>Максимальное разрешение - 7680x4320<br>Необходимость дополнительного питания - да<br>Разъём дополнительного питания - 8 pin<br>Рекомендуемая мощность блока питания - 650 Вт<br>TGP - 160<br>Подсветка - да<br>Тип поставки - Retail<br>Цвета, использованные в оформлении - чёрный<br>Размеры (ШхВхГ) - 250 x 124 x 40 мм<br>Гарантия - 36 мес.<br>Сайт производителя - www.palit.com<br><br><br>','чёрный',82,'Palit','',5,36,'Видеокарта_14-0.png<br>Видеокарта_14-1.png<br>Видеокарта_14-2.png<br>','',45830,'Видеокарта NVIDIA GeForce RTX 4060 Ti Palit Dual OC 8Gb (NE6406TT19P1-1060D)',5),(963,'---Основные---<br>Производитель - ASUS<br>Код производителя - ROG-STRIX-RX560-4G-V2-GAMING<br>Интерфейс - PCI Express 3.0<br>Производитель видеопроцессора - AMD<br>Серия - Radeon RX 560<br>Количество занимаемых слотов - 2<br>Низкопрофильная карта (Low Profile) - нет<br>Система охлаждения - активная<br>Количество вентиляторов - 2<br>Разъёмы - DVI, HDMI<br>Кодовое название графического процессора - Polaris 21<br>Техпроцесс - 14 нм<br>Частота графического процессора - 1175 МГц<br>Частота графического процессора (Boost) - 1199 МГц<br>Число универсальных процессоров - 1024<br>Поддержка SLI/CrossFire - CrossFire<br>Поддержка DirectX - DirectX 12<br>Поддержка OpenGL - OpenGL 4.5<br>Объём памяти - 4 Гб<br>Тип памяти - GDDR5<br>Шина памяти (разрядность) - 128 бит<br>Пропускная способность - 109 ГБ/c<br>Частота видеопамяти - 6800 МГц<br>Количество поддерживаемых мониторов - 2<br>Максимальное разрешение - 5120x2880<br>Необходимость дополнительного питания - да<br>Разъём дополнительного питания - 8 pin<br>Рекомендуемая мощность блока питания - 450 Вт<br>TDP - 80 Вт<br>Подсветка - да<br>Тип поставки - Retail<br>Цвета, использованные в оформлении - чёрный<br>Размеры (ШхВхГ) - 242 x 129 x 42 мм<br>Вес - 0.7 кг<br>Гарантия - 36 мес.<br>Сайт производителя - www.asus.com<br><br><br>','чёрный',46,'ASUS','',0,36,'Видеокарта_15-0.png<br>Видеокарта_15-1.png<br>Видеокарта_15-2.png<br>','',9350,'Видеокарта AMD Radeon RX 560 ASUS 4Gb (ROG-STRIX-RX560-4G-V2-GAMING)',5),(964,'---Основные---<br>Производитель - ASUS<br>Код производителя - PRIME B660M-K D4<br>Socket - LGA 1700<br>Чипсет - Intel B660<br>Разъёмы на задней панели - PS/2, 2 x USB 2.0, 4 x USB 3.2 Gen1, VGA, HDMI, RJ-45<br>Слоты расширения - PCI-E 4.0 x16, 2 x PCI-E x1, 2 x PCI-E M.2<br>Тип слотов M.2 - - Key M, 2242/2260/2280 (PCIe 4.0 x4);<br>Тип памяти - DDR4<br>Количество слотов памяти - 2<br>Интегрированное видео - да (при использовании процессора с видеоядром)<br>Звук - 8-канальный (7.1)<br>Аудио-контроллер - Realtek ALC897<br>Сетевой интерфейс - Gigabit Ethernet (10/100/1000 Мбит/с)<br>Сетевой контроллер - Realtek<br>Контроллер SATA - 4 x SATA-III (6 Гб/с)<br>Поддержка RAID - 0, 1, 5, 10<br>Разъёмы для подключения вентиляторов корпуса - 4-pin<br>Разъём питания ATX 12 В - 8-pin<br>Внутренние порты USB на плате - 2 x USB 2.0, USB 3.2 Gen1<br>Коннекторы RGB 12V на плате - 4-pin<br>Предустановленный процессор - нет<br>Форм-фактор - mATX<br>Тип поставки - Retail<br>Цвета, использованные в оформлении - чёрный<br>Гарантия - 36 мес.<br>Сайт производителя - www.asus.com<br><br><br>','чёрный',92,'ASUS','',15,36,'Материнская плата_1-0.png<br>Материнская плата_1-1.png<br>Материнская плата_1-2.png<br>','',9540,'Материнская плата ASUS PRIME B660M-K D4',1),(965,'---Основные---<br>Производитель - Gigabyte<br>Код производителя - B550 GAMING X V2<br>Socket - AM4<br>Чипсет - AMD B550<br>Разъёмы на задней панели - PS/2, 2 x USB 2.0, 3 x USB 3.2 Gen1, USB 3.2 Gen2, DVI, HDMI<br>Слоты расширения - PCI-E 4.0 x16, PCI-E 3.0 x16, 3 x PCI-E x1, 2 x PCI-E M.2<br>Тип слотов M.2 - - Socket 3, M key, 2242/2260/2280/22110;<br>Тип памяти - DDR4<br>Количество слотов памяти - 4<br>Интегрированное видео - да (при использовании процессора с видеоядром)<br>Звук - 8-канальный (7.1)<br>Аудио-контроллер - Realtek ALC887<br>Сетевой интерфейс - Gigabit Ethernet (10/100/1000 Мбит/с)<br>Сетевой контроллер - Realtek RTL8118AS<br>Контроллер SATA - 4 x SATA-III (6 Гб/с)<br>Поддержка RAID - 0, 1, 10<br>Радиатор на подсистеме питания (мосфетах) - да<br>Разъёмы для подключения вентиляторов корпуса - 3 x 4-pin<br>Разъём питания ATX 12 В - 8-pin<br>Внутренние порты USB на плате - 2 x USB 2.0, USB 3.2 Gen1, USB 3.2 Gen1 Type-C<br>Коннекторы ARGB 5V на плате - 2 x 3-pin<br>Коннекторы RGB 12V на плате - 3 x 4-pin<br>Предустановленный процессор - нет<br>Форм-фактор - ATX<br>Тип поставки - Retail<br>Цвета, использованные в оформлении - чёрный<br>Гарантия - 36 мес.<br>Сайт производителя - www.gigabyte.ru<br><br><br>','чёрный',33,'Gigabyte','',5,36,'Материнская плата_2-0.png<br>Материнская плата_2-1.png<br>Материнская плата_2-2.png<br>','',13250,'Материнская плата Gigabyte B550 GAMING X V2',1),(966,'---Основные---<br>Производитель - Gigabyte<br>Код производителя - B760M DS3H DDR4<br>Socket - LGA 1700<br>Чипсет - Intel B760<br>Разъёмы на задней панели - PS/2, 2 x USB 2.0, 3 x USB 3.2 Gen1, USB 3.2 Gen2 Type-C, VGA, HDMI, 2 x DisplayPort, RJ-45<br>Слоты расширения - PCI-E 4.0 x16, 2 x PCI-E x1, 2 x PCI-E M.2<br>Тип слотов M.2 - - Socket 3, M key, 2280 (PCIe 4.0 x4/x2);<br>Тип памяти - DDR4<br>Количество слотов памяти - 4<br>Интегрированное видео - да (при использовании процессора с видеоядром)<br>Звук - 8-канальный (7.1)<br>Аудио-контроллер - Realtek<br>Сетевой интерфейс - 2.5 Gigabit Ethernet (100/1000/2500 Мбит/с)<br>Сетевой контроллер - Realtek<br>Контроллер SATA - 4 x SATA-III (6 Гб/с)<br>Поддержка RAID - 0, 1, 5, 10<br>Радиатор на подсистеме питания (мосфетах) - да<br>Разъёмы для подключения вентиляторов корпуса - 3 x 4-pin<br>Разъём питания ATX 12 В - 8-pin<br>Внутренние порты USB на плате - 2 x USB 2.0, USB 3.2 Gen1<br>Коннекторы ARGB 5V на плате - 3-pin<br>Коннекторы RGB 12V на плате - 4-pin<br>Предустановленный процессор - нет<br>Форм-фактор - mATX<br>Тип поставки - Retail<br>Цвета, использованные в оформлении - серый, чёрный<br>Гарантия - 36 мес.<br>Сайт производителя - www.gigabyte.ru<br><br><br>','серый, чёрный',13,'Gigabyte','',15,36,'Материнская плата_3-0.png<br>Материнская плата_3-1.png<br>Материнская плата_3-2.png<br>','',11960,'Материнская плата Gigabyte B760M DS3H DDR4',1),(967,'---Основные---<br>Производитель - MSI<br>Код производителя - PRO H610M-E DDR4<br>Socket - LGA 1700<br>Чипсет - Intel H610<br>Разъёмы на задней панели - PS/2, 4 x USB 2.0, 2 x USB 3.2 Gen1, VGA, HDMI, RJ-45<br>Сетевой интерфейс - Gigabit Ethernet (10/100/1000 Мбит/с)<br>Сетевой контроллер - Realtek RTL8111H<br>Тип памяти - DDR4<br>Количество слотов памяти - 2<br>Интегрированное видео - да (при использовании процессора с видеоядром)<br>Звук - 8-канальный (7.1)<br>Аудио-контроллер - Realtek ALC897<br>Контроллер SATA - 4 x SATA-III (6 Гб/с)<br>Слоты расширения - PCI-E 4.0 x16, PCI-E x1, PCI-E M.2<br>Тип слотов M.2 - Key M, 2242/2260/2280 (PCIe 3.0 x4)<br>Разъёмы для подключения вентиляторов корпуса - 2 x 4-pin<br>Разъём питания ATX 12 В - 8-pin<br>Внутренние порты USB на плате - 2 x USB 2.0, USB 3.2 Gen1<br>Коннекторы RGB 12V на плате - 4-pin<br>Предустановленный процессор - нет<br>Форм-фактор - mATX<br>Тип поставки - Retail<br>Цвета, использованные в оформлении - чёрный<br>Гарантия - 36 мес.<br>Сайт производителя - www.msi.com<br><br><br>','чёрный',51,'MSI','',5,36,'Материнская плата_4-0.png<br>Материнская плата_4-1.png<br>Материнская плата_4-2.png<br>','',7350,'Материнская плата MSI PRO H610M-E DDR4',1),(968,'---Основные---<br>Производитель - MSI<br>Код производителя - PRO Z790-P WIFI<br>Socket - LGA 1700<br>Чипсет - Intel Z790<br>Разъёмы на задней панели - PS/2, 4 x USB 2.0, 2 x USB 3.2 Gen1, USB 3.2 Gen2, USB 3.2 Gen2x2 Type-C, HDMI, DisplayPort, RJ-45<br>Контроллер SATA - 6 x SATA-III (6 Гб/с)<br>Поддержка RAID - 0, 1, 5, 10<br>Интегрированное видео - да (при использовании процессора с видеоядром)<br>Звук - 8-канальный (7.1)<br>Аудио-контроллер - Realtek ALC897<br>Слоты расширения - PCI-E 5.0 x16, PCI-E 4.0 x16, PCI-E 3.0 x16, PCI-E x1, 4 x PCI-E M.2<br>Тип слотов M.2 - - Key M, 22110/2280/2260/2242 (PCIe 4.0 x4);<br>Поддерживаемые режимы PCI-Express - x16/x4/x1<br>Сетевой интерфейс - 2.5 Gigabit Ethernet (100/1000/2500 Мбит/с), Wi-Fi, Bluetooth<br>Сетевой контроллер - Intel<br>Тип памяти - DDR5<br>Количество слотов памяти - 4<br>Радиатор на подсистеме питания (мосфетах) - да<br>Разъёмы для подключения вентиляторов корпуса - 6 x 4-pin<br>Разъём питания ATX 12 В - 2 x 8-pin<br>Внутренние порты USB на плате - 2 x USB 2.0, 2 x USB 3.2 Gen1, USB 3.2 Gen2 Type-C<br>Коннекторы ARGB 5V на плате - 2 x 3-pin<br>Коннекторы RGB 12V на плате - 4-pin<br>Предустановленный процессор - нет<br>Форм-фактор - ATX<br>Тип поставки - Retail<br>Цвета, использованные в оформлении - серый, чёрный<br>Гарантия - 36 мес.<br>Сайт производителя - www.msi.com<br><br><br>','серый, чёрный',28,'MSI','',10,36,'Материнская плата_5-0.png<br>Материнская плата_5-1.png<br>Материнская плата_5-2.png<br>','',21880,'Материнская плата MSI PRO Z790-P WIFI',1),(969,'---Основные---<br>Производитель - MSI<br>Код производителя - B650 GAMING PLUS WIFI<br>Socket - AM5<br>Чипсет - AMD B650<br>Разъёмы на задней панели - 4 x USB 3.2 Gen1, 3 x USB 3.2 Gen2, USB 3.2 Gen2x2 Type-C, HDMI, DisplayPort, RJ-45<br>Контроллер SATA - 4 x SATA-III (6 Гб/с)<br>Поддержка RAID - 0, 1, 10<br>Интегрированное видео - да (при использовании процессора с видеоядром)<br>Звук - 8-канальный (7.1)<br>Аудио-контроллер - Realtek ALC897<br>Слоты расширения - 2 x PCI-E 4.0 x16, PCI-E x1, 2 x PCI-E M.2<br>Тип слотов M.2 - - Key M, 22110/2280 (PCIe 4.0 x4);<br>Поддерживаемые режимы PCI-Express - x16/x4<br>Сетевой интерфейс - 2.5 Gigabit Ethernet (100/1000/2500 Мбит/с), Wi-Fi, Bluetooth<br>Сетевой контроллер - Realtek RTL8125BG<br>Тип памяти - DDR5<br>Количество слотов памяти - 4<br>Радиатор на подсистеме питания (мосфетах) - да<br>Разъёмы для подключения вентиляторов корпуса - 4 x 4-pin<br>Разъём питания ATX 12 В - 2 x 8-pin<br>Внутренние порты USB на плате - 2 x USB 2.0, USB 3.2 Gen1, USB 3.2 Gen2 Type-C<br>Коннекторы ARGB 5V на плате - 2 x 3-pin<br>Коннекторы RGB 12V на плате - 2 x 4-pin<br>Предустановленный процессор - нет<br>Форм-фактор - ATX<br>Тип поставки - Retail<br>Цвета, использованные в оформлении - серый, чёрный<br>Гарантия - 36 мес.<br>Сайт производителя - www.msi.com<br><br><br>','серый, чёрный',41,'MSI','',5,36,'Материнская плата_6-0.png<br>Материнская плата_6-1.png<br>Материнская плата_6-2.png<br>','',21230,'Материнская плата MSI B650 GAMING PLUS WIFI',1),(970,'---Основные---<br>Производитель - ASUS<br>Код производителя - PRIME Z790-P<br>Socket - LGA 1700<br>Чипсет - Intel Z790<br>Разъёмы на задней панели - PS/2, 4 x USB 2.0, 2 x USB 3.2 Gen1, USB 3.2 Gen2, USB 3.2 Gen2x2 Type-C, HDMI, DisplayPort, RJ-45<br>Контроллер SATA - 4 x SATA-III (6 Гб/с)<br>Поддержка RAID - 0, 1, 5, 10<br>Интегрированное видео - да (при использовании процессора с видеоядром)<br>Звук - 8-канальный (7.1)<br>Аудио-контроллер - Realtek<br>Слоты расширения - PCI-E 5.0 x16, 3 x PCI-E 4.0 x16, PCI-E x1, 4 x PCI-E M.2<br>Тип слотов M.2 - - Key M, 2242/2260/2280/22110 (PCIe 4.0 x4);<br>Поддерживаемые режимы PCI-Express - x16/x1/x1/x1<br>Сетевой интерфейс - 2.5 Gigabit Ethernet (100/1000/2500 Мбит/с)<br>Сетевой контроллер - Realtek<br>Тип памяти - DDR5<br>Количество слотов памяти - 4<br>Радиатор на подсистеме питания (мосфетах) - да<br>Разъёмы для подключения вентиляторов корпуса - 3 x 4-pin<br>Разъём питания ATX 12 В - 4-pin, 8-pin<br>Внутренние порты USB на плате - 2 x USB 2.0, 2 x USB 3.2 Gen1, USB 3.2 Gen2 Type-C<br>Коннекторы ARGB 5V на плате - 3 x 3-pin<br>Коннекторы RGB 12V на плате - 2 x 4-pin<br>Предустановленный процессор - нет<br>Форм-фактор - ATX<br>Тип поставки - Retail<br>Цвета, использованные в оформлении - белый<br>Гарантия - 36 мес.<br>Сайт производителя - www.asus.com<br><br><br>','белый',91,'ASUS','',10,36,'Материнская плата_7-0.png<br>Материнская плата_7-1.png<br>Материнская плата_7-2.png<br>','',23420,'Материнская плата ASUS PRIME Z790-P',1),(971,'---Основные---<br>Производитель - ASUS<br>Код производителя - PRIME B760-PLUS<br>Socket - LGA 1700<br>Чипсет - Intel B760<br>Разъёмы на задней панели - 2 x USB 2.0, USB 3.2 Gen1, 2 x USB 3.2 Gen2, USB 3.2 Gen2x2 Type-C, VGA, HDMI, DisplayPort, RJ-45<br>Контроллер SATA - 4 x SATA-III (6 Гб/с)<br>Поддержка RAID - 0, 1, 5, 10<br>Интегрированное видео - да (при использовании процессора с видеоядром)<br>Звук - 8-канальный (7.1)<br>Аудио-контроллер - Realtek<br>Слоты расширения - PCI-E 5.0 x16, PCI-E 4.0 x16, 2 x PCI-E x1, 4 x PCI-E M.2<br>Тип слотов M.2 - - Key M, 2242/2260/2280 (PCIe 4.0 x4);<br>Поддерживаемые режимы PCI-Express - x16/x4<br>Сетевой интерфейс - 2.5 Gigabit Ethernet (100/1000/2500 Мбит/с)<br>Сетевой контроллер - Realtek<br>Тип памяти - DDR5<br>Количество слотов памяти - 4<br>Радиатор на подсистеме питания (мосфетах) - да<br>Разъёмы для подключения вентиляторов корпуса - 3 x 4-pin<br>Разъём питания ATX 12 В - 8-pin<br>Внутренние порты USB на плате - 2 x USB 2.0, USB 3.2 Gen1, USB 3.2 Gen1 Type-C<br>Коннекторы ARGB 5V на плате - 3 x 3-pin<br>Коннекторы RGB 12V на плате - 4-pin<br>Предустановленный процессор - нет<br>Форм-фактор - ATX<br>Тип поставки - Retail<br>Цвета, использованные в оформлении - серый, чёрный<br>Гарантия - 36 мес.<br>Сайт производителя - www.asus.com<br><br><br>','серый, чёрный',38,'ASUS','',10,36,'Материнская плата_8-0.png<br>Материнская плата_8-1.png<br>Материнская плата_8-2.png<br>','',16360,'Материнская плата ASUS PRIME B760-PLUS',1),(972,'---Основные---<br>Производитель - ASUS<br>Код производителя - PRIME B760M-K<br>Socket - LGA 1700<br>Чипсет - Intel B760<br>Разъёмы на задней панели - PS/2, 2 x USB 2.0, 4 x USB 3.2 Gen1, VGA, HDMI, RJ-45<br>Слоты расширения - PCI-E 4.0 x16, 2 x PCI-E x1, 2 x PCI-E M.2<br>Тип слотов M.2 - - Key M, 2242/2260/2280 (PCIe 4.0 x4);<br>Тип памяти - DDR5<br>Количество слотов памяти - 2<br>Интегрированное видео - да (при использовании процессора с видеоядром)<br>Звук - 8-канальный (7.1)<br>Аудио-контроллер - Realtek<br>Сетевой интерфейс - 2.5 Gigabit Ethernet (100/1000/2500 Мбит/с)<br>Сетевой контроллер - Realtek<br>Контроллер SATA - 4 x SATA-III (6 Гб/с)<br>Поддержка RAID - 0, 1, 5, 10<br>Радиатор на подсистеме питания (мосфетах) - да<br>Разъёмы для подключения вентиляторов корпуса - 2 x 4-pin<br>Разъём питания ATX 12 В - 8-pin<br>Внутренние порты USB на плате - 2 x USB 2.0, USB 3.2 Gen1<br>Коннекторы ARGB 5V на плате - 2 x 3-pin<br>Коннекторы RGB 12V на плате - 4-pin<br>Предустановленный процессор - нет<br>Форм-фактор - mATX<br>Тип поставки - Retail<br>Цвета, использованные в оформлении - чёрный<br>Гарантия - 36 мес.<br>Сайт производителя - www.asus.com<br><br><br>','чёрный',70,'ASUS','',5,36,'Материнская плата_9-0.png<br>Материнская плата_9-1.png<br>Материнская плата_9-2.png<br>','',11620,'Материнская плата ASUS PRIME B760M-K',1),(973,'---Основные---<br>Производитель - Gigabyte<br>Код производителя - B760 GAMING X<br>Socket - LGA 1700<br>Чипсет - Intel B760<br>Разъёмы на задней панели - 5 x USB 2.0, USB 3.2 Gen1, USB 3.2 Gen1 Type-C, USB 3.2 Gen2, HDMI, DisplayPort, RJ-45<br>Контроллер SATA - 4 x SATA-III (6 Гб/с)<br>Поддержка RAID - 0, 1, 5, 10<br>Интегрированное видео - да (при использовании процессора с видеоядром)<br>Звук - 8-канальный (7.1)<br>Аудио-контроллер - Realtek<br>Слоты расширения - PCI-E 4.0 x16, 2 x PCI-E 3.0 x16, 3 x PCI-E M.2<br>Тип слотов M.2 - - Socket 3, M key, 22110/2280 (PCIe 4.0 x4/x2);<br>Поддерживаемые режимы PCI-Express - x16/x1/x1<br>Сетевой интерфейс - 2.5 Gigabit Ethernet (100/1000/2500 Мбит/с)<br>Сетевой контроллер - Realtek<br>Тип памяти - DDR5<br>Количество слотов памяти - 4<br>Радиатор на подсистеме питания (мосфетах) - да<br>Разъёмы для подключения вентиляторов корпуса - 4 x 4-pin<br>Разъём питания ATX 12 В - 8-pin<br>Внутренние порты USB на плате - 2 x USB 2.0, USB 3.2 Gen1, USB 3.2 Gen2 Type-C<br>Коннекторы ARGB 5V на плате - 2 x 3-pin<br>Коннекторы RGB 12V на плате - 2 x 4-pin<br>Предустановленный процессор - нет<br>Форм-фактор - ATX<br>Тип поставки - Retail<br>Цвета, использованные в оформлении - серый, чёрный<br>Гарантия - 36 мес.<br>Сайт производителя - www.gigabyte.ru<br><br><br>','серый, чёрный',64,'Gigabyte','',0,36,'Материнская плата_10-0.png<br>Материнская плата_10-1.png<br>Материнская плата_10-2.png<br>','',16490,'Материнская плата Gigabyte B760 GAMING X',1),(974,'---Основные---<br>Производитель - MSI<br>Код производителя - A520M-A PRO<br>Socket - AM4<br>Чипсет - AMD A520<br>Разъёмы на задней панели - 2 x PS/2, 2 x USB 2.0, 4 x USB 3.2 Gen1, DVI, HDMI, RJ-45<br>Слоты расширения - PCI-E 3.0 x16, PCI-E x1, PCI-E M.2<br>Тип слотов M.2 - Key M, 2242/2260/2280<br>Тип памяти - DDR4<br>Количество слотов памяти - 2<br>Интегрированное видео - да (при использовании процессора с видеоядром)<br>Звук - 8-канальный (7.1)<br>Аудио-контроллер - Realtek ALC892/897<br>Сетевой интерфейс - Gigabit Ethernet (10/100/1000 Мбит/с)<br>Сетевой контроллер - Realtek RTL8111H<br>Контроллер SATA - 4 x SATA-III (6 Гб/с)<br>Поддержка RAID - 0, 1, 10<br>Разъёмы для подключения вентиляторов корпуса - 4-pin<br>Разъём питания ATX 12 В - 4-pin<br>Внутренние порты USB на плате - 2 x USB 2.0, USB 3.2 Gen1<br>Предустановленный процессор - нет<br>Форм-фактор - mATX<br>Тип поставки - Retail<br>Цвета, использованные в оформлении - чёрный<br>Гарантия - 36 мес.<br>Сайт производителя - www.msi.com<br><br><br>','чёрный',56,'MSI','',10,36,'Материнская плата_11-0.png<br>Материнская плата_11-1.png<br>Материнская плата_11-2.png<br>','',5950,'Материнская плата MSI A520M-A PRO',1),(975,'---Основные---<br>Производитель - ASUS<br>Код производителя - PRIME H510M-K<br>Socket - LGA 1200<br>Чипсет - Intel H510<br>Разъёмы на задней панели - PS/2, 4 x USB 2.0, 2 x USB 3.2 Gen1, VGA, HDMI, RJ-45<br>Сетевой интерфейс - Gigabit Ethernet (10/100/1000 Мбит/с)<br>Сетевой контроллер - Intel I219V<br>Тип памяти - DDR4<br>Количество слотов памяти - 2<br>Интегрированное видео - да (при использовании процессора с видеоядром)<br>Звук - 8-канальный (7.1)<br>Аудио-контроллер - Realtek ALC897<br>Контроллер SATA - 4 x SATA-III (6 Гб/с)<br>Слоты расширения - PCI-E 4.0 x16, PCI-E x1, PCI-E M.2<br>Тип слотов M.2 - Key M, 2242/2260/2280 (PCIe 3.0 x4 & SATA)<br>Разъёмы для подключения вентиляторов корпуса - 4-pin<br>Разъём питания ATX 12 В - 8-pin<br>Внутренние порты USB на плате - USB 2.0, USB 3.2 Gen1<br>Коннекторы RGB 12V на плате - 4-pin<br>Предустановленный процессор - нет<br>Форм-фактор - mATX<br>Тип поставки - Retail<br>Цвета, использованные в оформлении - чёрный<br>Вес - 1 кг<br>Гарантия - 36 мес.<br>Сайт производителя - www.asus.com<br><br><br>','чёрный',76,'ASUS','',15,36,'Материнская плата_12-0.png<br>Материнская плата_12-1.png<br>Материнская плата_12-2.png<br>','',7200,'Материнская плата ASUS PRIME H510M-K',1),(976,'---Основные---<br>Производитель - Gigabyte<br>Код производителя - Z790 GAMING X AX<br>Socket - LGA 1700<br>Чипсет - Intel Z790<br>Разъёмы на задней панели - 4 x USB 2.0, 3 x USB 3.2 Gen1, 2 x USB 3.2 Gen2, USB 3.2 Gen2x2 Type-C, HDMI, DisplayPort, RJ-45, S/PDIF (оптический)<br>Контроллер SATA - 6 x SATA-III (6 Гб/с)<br>Поддержка RAID - 0, 1, 5, 10<br>Интегрированное видео - да (при использовании процессора с видеоядром)<br>Звук - 8-канальный (7.1)<br>Аудио-контроллер - Realtek<br>Слоты расширения - PCI-E 5.0 x16, 2 x PCI-E 4.0 x16, 4 x PCI-E M.2<br>Тип слотов M.2 - - Socket 3, M key, 22110/2280 PCIe 4.0 x4/x2);<br>Поддерживаемые режимы PCI-Express - x16/x4/x4<br>Сетевой интерфейс - 2.5 Gigabit Ethernet (100/1000/2500 Мбит/с), Wi-Fi, Bluetooth<br>Сетевой контроллер - Realtek<br>Тип памяти - DDR5<br>Количество слотов памяти - 4<br>Радиатор на подсистеме питания (мосфетах) - да<br>Разъёмы для подключения вентиляторов корпуса - 4 x 4-pin<br>Разъём питания ATX 12 В - 2 x 8-pin<br>Внутренние порты USB на плате - 2 x USB 2.0, USB 3.2 Gen1, USB 3.2 Gen2 Type-C<br>Коннекторы ARGB 5V на плате - 2 x 3-pin<br>Коннекторы RGB 12V на плате - 2 x 4-pin<br>Предустановленный процессор - нет<br>Форм-фактор - ATX<br>Тип поставки - Retail<br>Цвета, использованные в оформлении - чёрный<br>Гарантия - 36 мес.<br>Сайт производителя - www.gigabyte.ru<br><br><br>','чёрный',79,'Gigabyte','',10,36,'Материнская плата_13-0.png<br>Материнская плата_13-1.png<br>Материнская плата_13-2.png<br>','',25690,'Материнская плата Gigabyte Z790 GAMING X AX',1),(977,'---Основные---<br>Производитель - Gigabyte<br>Код производителя - B760M DS3H<br>Socket - LGA 1700<br>Чипсет - Intel B760<br>Разъёмы на задней панели - PS/2, 2 x USB 2.0, 3 x USB 3.2 Gen1, USB 3.2 Gen2 Type-C, VGA, HDMI, 2 x DisplayPort, RJ-45<br>Слоты расширения - PCI-E 4.0 x16, 2 x PCI-E x1, 2 x PCI-E M.2<br>Тип слотов M.2 - - Socket 3, M key, 2280 (PCIe 4.0 x4/x2);<br>Тип памяти - DDR5<br>Количество слотов памяти - 4<br>Интегрированное видео - да (при использовании процессора с видеоядром)<br>Звук - 8-канальный (7.1)<br>Аудио-контроллер - Realtek<br>Сетевой интерфейс - 2.5 Gigabit Ethernet (100/1000/2500 Мбит/с)<br>Сетевой контроллер - Realtek<br>Контроллер SATA - 4 x SATA-III (6 Гб/с)<br>Поддержка RAID - 0, 1, 5, 10<br>Радиатор на подсистеме питания (мосфетах) - да<br>Разъёмы для подключения вентиляторов корпуса - 3 x 4-pin<br>Разъём питания ATX 12 В - 8-pin<br>Внутренние порты USB на плате - 2 x USB 2.0, USB 3.2 Gen1<br>Коннекторы ARGB 5V на плате - 3-pin<br>Коннекторы RGB 12V на плате - 4-pin<br>Предустановленный процессор - нет<br>Форм-фактор - mATX<br>Тип поставки - Retail<br>Цвета, использованные в оформлении - серый, чёрный<br>Гарантия - 36 мес.<br>Сайт производителя - www.gigabyte.ru<br><br><br>','серый, чёрный',25,'Gigabyte','',0,36,'Материнская плата_14-0.png<br>Материнская плата_14-1.png<br>Материнская плата_14-2.png<br>','',13120,'Материнская плата Gigabyte B760M DS3H',1),(978,'---Основные---<br>Производитель - Gigabyte<br>Код производителя - H610M S2H V2 DDR4<br>Socket - LGA 1700<br>Чипсет - Intel H610<br>Разъёмы на задней панели - 2 x PS/2, 4 x USB 2.0, 2 x USB 3.2 Gen1, VGA, DVI, HDMI, DisplayPort, RJ-45<br>Сетевой интерфейс - Gigabit Ethernet (10/100/1000 Мбит/с)<br>Сетевой контроллер - Realtek<br>Тип памяти - DDR4<br>Количество слотов памяти - 2<br>Интегрированное видео - да (при использовании процессора с видеоядром)<br>Звук - 8-канальный (7.1)<br>Аудио-контроллер - Realtek<br>Контроллер SATA - 4 x SATA-III (6 Гб/с)<br>Слоты расширения - PCI-E 4.0 x16, PCI-E x1, PCI-E M.2<br>Тип слотов M.2 - Socket 3, M key, 2280/2260 (PCIe 3.0 x4/x2)<br>Разъёмы для подключения вентиляторов корпуса - 2 x 4-pin<br>Разъём питания ATX 12 В - 8-pin<br>Внутренние порты USB на плате - 2 x USB 2.0, USB 3.2 Gen1<br>Коннекторы RGB 12V на плате - 4-pin<br>Предустановленный процессор - нет<br>Форм-фактор - mATX<br>Тип поставки - Retail<br>Цвета, использованные в оформлении - серый, чёрный<br>Гарантия - 36 мес.<br>Сайт производителя - www.gigabyte.ru<br><br><br>','серый, чёрный',11,'Gigabyte','',5,36,'Материнская плата_15-0.png<br>Материнская плата_15-1.png<br>Материнская плата_15-2.png<br>','',8330,'Материнская плата Gigabyte H610M S2H V2 DDR4',1),(979,'---Основные---<br>Производитель - Intel<br>Код производителя - CM8071504555318/CM8071504650609<br>Линейка - Core i5<br>Модель - 12400F<br>Socket - LGA 1700<br>Архитектура - Alder Lake<br>Ядро - Golden Cove<br>Количество ядер - 6<br>Количество потоков - 12<br>Тактовая частота - 2500 МГц<br>Частота процессора в режиме Turbo - 4400 МГц<br>Частота шины - DMI 4.0 (16 ГТ/с)<br>Коэффициент умножения - 25<br>Разблокированный множитель - нет<br>Интегрированное графическое ядро - нет<br>Объём кэша L2 - 7.5 Мб<br>Объём кэша L3 - 18 Мб<br>Технологический процесс - 10 нм<br>Максимальная рабочая температура - 100 °C<br>Типичное тепловыделение - 117 Вт, максимальное<br>Технологии - MMX, SSE, SSE2, SSE3, SSE4, Thread Director, Extended Memory 64, Advanced Bit Manipulation, Advanced Vector Extensions, Advanced Vector Extensions 2, Gaussian & Neural Accelerator, Hyper-Threading, Execute Disable Bit/No eXecute Bit, Enhanced Virus Protection, Virtualization Technology , Turbo Boost<br>Дата релиза - Q1 2022<br>Кулер в комплекте - нет<br>Тип поставки - OEM<br>Гарантия - 12 мес.<br>Сайт производителя - www.intel.com<br><br><br>','чёрный',77,'Intel','',0,12,'Процессор_1-0.png<br>','12400F',14800,'Процессор Intel Core i5 - 12400F OEM',2),(980,'---Основные---<br>Производитель - Intel<br>Код производителя - CM8071504555317/CM8071504650608<br>Линейка - Core i5<br>Модель - 12400<br>Socket - LGA 1700<br>Архитектура - Alder Lake<br>Ядро - Golden Cove<br>Количество ядер - 6<br>Количество потоков - 12<br>Интегрированное графическое ядро - да<br>Видеопроцессор - Intel UHD Graphics 730<br>Объём кэша L2 - 7.5 Мб<br>Объём кэша L3 - 18 Мб<br>Тактовая частота - 2500 МГц<br>Частота процессора в режиме Turbo - 4400 МГц<br>Частота шины - DMI 4.0 (16 ГТ/с)<br>Коэффициент умножения - 25<br>Разблокированный множитель - нет<br>Технологический процесс - 10 нм<br>Максимальная рабочая температура - 100 °C<br>Типичное тепловыделение - 117 Вт, максимальное<br>Технологии - MMX, SSE, SSE2, SSE3, SSE4, Thread Director, Extended Memory 64, Advanced Bit Manipulation, Advanced Vector Extensions, Advanced Vector Extensions 2, Gaussian & Neural Accelerator, Hyper-Threading, Execute Disable Bit/No eXecute Bit, Enhanced Virus Protection, Virtualization Technology , Turbo Boost<br>Кулер в комплекте - нет<br>Тип поставки - OEM<br>Гарантия - 12 мес.<br>Сайт производителя - www.intel.com<br><br><br>','чёрный',50,'Intel','',0,12,'Процессор_2-0.png<br>','12400',16820,'Процессор Intel Core i5 - 12400 OEM',2),(981,'---Основные---<br>Производитель - AMD<br>Код производителя - 100-000000252<br>Линейка - Ryzen 5<br>Модель - 5600G<br>Socket - AM4<br>Архитектура - Zen 3<br>Ядро - Cezanne<br>Количество ядер - 6<br>Количество потоков - 12<br>Интегрированное графическое ядро - да<br>Видеопроцессор - Radeon Vega 7<br>Объём кэша L1 - 64 Кб<br>Объём кэша L2 - 3 Мб<br>Объём кэша L3 - 16 Мб<br>Тактовая частота - 3900 МГц<br>Частота процессора в режиме Turbo - 4400 МГц<br>Коэффициент умножения - 39<br>Разблокированный множитель - да<br>Технологический процесс - 7 нм<br>Максимальная рабочая температура - 95 °C<br>Типичное тепловыделение - 65 Вт<br>Технологии - MMX, SSE, SSE2, SSE3, SSE4, Advanced Vector Extensions, Advanced Vector Extensions 2, Simultaneous MultiThreading, Enhanced Virus Protection, Extended Frequency Range, Precision Boost, AMD64<br>Кулер в комплекте - нет<br>Тип поставки - OEM<br>Гарантия - 12 мес.<br>Сайт производителя - www.amd.com<br><br><br>','чёрный',92,'AMD','',10,12,'Процессор_3-0.png<br>','5600G',13340,'Процессор AMD Ryzen 5 5600G OEM',2),(982,'---Основные---<br>Производитель - Intel<br>Код производителя - CM8071504651012<br>Линейка - Core i3<br>Модель - 12100<br>Socket - LGA 1700<br>Архитектура - Alder Lake<br>Ядро - Golden Cove<br>Количество ядер - 4<br>Количество потоков - 8<br>Интегрированное графическое ядро - да<br>Видеопроцессор - Intel UHD Graphics 730<br>Объём кэша L2 - 5 Мб<br>Объём кэша L3 - 12 Мб<br>Тактовая частота - 3300 МГц<br>Частота процессора в режиме Turbo - 4300 МГц<br>Частота шины - DMI 4.0 (16 ГТ/с)<br>Коэффициент умножения - 33<br>Разблокированный множитель - нет<br>Технологический процесс - 10 нм<br>Максимальная рабочая температура - 100 °C<br>Типичное тепловыделение - 89 Вт, максимальное<br>Технологии - MMX, SSE, SSE2, SSE3, SSE4, Thread Director, Extended Memory 64, Advanced Bit Manipulation, Advanced Vector Extensions, Advanced Vector Extensions 2, Gaussian & Neural Accelerator, Hyper-Threading, Execute Disable Bit/No eXecute Bit, Enhanced Virus Protection, Virtualization Technology , Turbo Boost<br>Кулер в комплекте - нет<br>Тип поставки - OEM<br>Гарантия - 12 мес.<br>Сайт производителя - www.intel.com<br><br><br>','чёрный',30,'Intel','',15,12,'Процессор_4-0.png<br>','12100',11400,'Процессор Intel Core i3 - 12100 OEM',2),(983,'---Основные---<br>Производитель - Intel<br>Код производителя - CM8071505093004/CM8071504821106<br>Линейка - Core i5<br>Модель - 13400<br>Socket - LGA 1700<br>Архитектура - Raptor Lake<br>Ядро - Golden Cove / Gracemont<br>Количество ядер - 10<br>Количество потоков - 16<br>Высокопроизводительные ядра - 6<br>Энергоэффективные ядра - 4<br>Интегрированное графическое ядро - да<br>Видеопроцессор - Intel UHD Graphics 730<br>Объём кэша L2 - 9.5 Мб<br>Объём кэша L3 - 20 Мб<br>Тактовая частота - 2500 МГц<br>Частота процессора в режиме Turbo - 4600 МГц<br>Частота шины - DMI 4.0 (16 ГТ/с)<br>Коэффициент умножения - 25<br>Разблокированный множитель - нет<br>Технологический процесс - 10 нм<br>Максимальная рабочая температура - 100 °C<br>Типичное тепловыделение - 65 Вт<br>Максимальное тепловыделение - 154 Вт<br>Технологии - MMX, SSE, SSE2, SSE3, SSE4, Thread Director, Extended Memory 64, Advanced Bit Manipulation, Advanced Vector Extensions, Advanced Vector Extensions 2, Gaussian & Neural Accelerator, Hyper-Threading, Execute Disable Bit/No eXecute Bit, Enhanced Virus Protection, Virtualization Technology , Turbo Boost<br>Дата релиза - Q1 2023<br>Кулер в комплекте - нет<br>Тип поставки - OEM<br>Гарантия - 12 мес.<br>Сайт производителя - www.intel.com<br><br><br>','чёрный',76,'Intel','',5,12,'Процессор_5-0.png<br>','13400',22870,'Процессор Intel Core i5 - 13400 OEM',2),(984,'---Основные---<br>Производитель - Intel<br>Код производителя - CM8071504820706<br>Линейка - Core i7<br>Модель - 13700KF<br>Socket - LGA 1700<br>Архитектура - Raptor Lake<br>Ядро - Raptor Cove / Gracemont<br>Количество ядер - 16<br>Количество потоков - 24<br>Высокопроизводительные ядра - 8<br>Энергоэффективные ядра - 8<br>Интегрированное графическое ядро - нет<br>Объём кэша L2 - 24 Мб<br>Объём кэша L3 - 30 Мб<br>Тактовая частота - 3400 МГц<br>Частота процессора в режиме Turbo - 5400 МГц<br>Частота шины - DMI 4.0 (16 ГТ/с)<br>Коэффициент умножения - 34<br>Разблокированный множитель - да<br>Технологический процесс - 10 нм<br>Максимальная рабочая температура - 100 °C<br>Типичное тепловыделение - 125 Вт<br>Максимальное тепловыделение - 253 Вт<br>Технологии - MMX, SSE, SSE2, SSE3, SSE4, Thread Director, Extended Memory 64, Advanced Bit Manipulation, Advanced Vector Extensions, Advanced Vector Extensions 2, Gaussian & Neural Accelerator, Hyper-Threading, Execute Disable Bit/No eXecute Bit, Enhanced Virus Protection, Virtualization Technology , Turbo Boost<br>Дата релиза - Q4 2022<br>Кулер в комплекте - нет<br>Тип поставки - OEM<br>Гарантия - 12 мес.<br>Сайт производителя - www.intel.com<br><br><br>','чёрный',24,'Intel','',10,12,'Процессор_6-0.png<br>','13700KF',42180,'Процессор Intel Core i7 - 13700KF OEM',2),(985,'---Основные---<br>Производитель - Intel<br>Код производителя - CM8071504820721<br>Линейка - Core i7<br>Модель - 14700K<br>Socket - LGA 1700<br>Архитектура - Raptor Lake Refresh<br>Ядро - Raptor Cove / Gracemont<br>Количество ядер - 20<br>Количество потоков - 28<br>Высокопроизводительные ядра - 8<br>Энергоэффективные ядра - 12<br>Интегрированное графическое ядро - да<br>Видеопроцессор - Intel UHD Graphics 770<br>Объём кэша L2 - 28 Мб, 8x 2MB + 12x 1MB<br>Объём кэша L3 - 33 Мб<br>Тактовая частота - 3400 МГц<br>Частота процессора в режиме Turbo - 5600 МГц<br>Частота шины - DMI 4.0 (16 ГТ/с)<br>Коэффициент умножения - 34<br>Разблокированный множитель - да<br>Технологический процесс - 10 нм<br>Максимальная рабочая температура - 100 °C<br>Типичное тепловыделение - 125 Вт<br>Максимальное тепловыделение - 253 Вт<br>Технологии - MMX, SSE, SSE2, SSE3, SSE4, Thread Director, Extended Memory 64, Advanced Bit Manipulation, Advanced Vector Extensions, Advanced Vector Extensions 2, Gaussian & Neural Accelerator, Hyper-Threading, Execute Disable Bit/No eXecute Bit, Enhanced Virus Protection, Virtualization Technology , Turbo Boost<br>Дата релиза - Q4 2023<br>Кулер в комплекте - нет<br>Тип поставки - OEM<br>Гарантия - 12 мес.<br>Сайт производителя - www.intel.com<br><br><br>','чёрный',100,'Intel','',5,12,'Процессор_7-0.png<br>Процессор_7-1.png<br>','14700K',49730,'Процессор Intel Core i7 - 14700K OEM',2),(986,'---Основные---<br>Производитель - AMD<br>Код производителя - 100-000000926<br>Линейка - Ryzen 7<br>Модель - 5700X<br>Socket - AM4<br>Архитектура - Zen 3<br>Ядро - Vermeer<br>Количество ядер - 8<br>Количество потоков - 16<br>Объём кэша L1 - 64 Кб<br>Объём кэша L2 - 4 Мб<br>Объём кэша L3 - 32 Мб<br>Интегрированное графическое ядро - нет<br>Тактовая частота - 3400 МГц<br>Частота процессора в режиме Turbo - 4600 МГц<br>Коэффициент умножения - 34<br>Разблокированный множитель - да<br>Технологический процесс - 7 нм<br>Типичное тепловыделение - 65 Вт<br>Технологии - MMX, SSE, SSE2, SSE3, SSE4, Advanced Vector Extensions, Advanced Vector Extensions 2, Simultaneous MultiThreading, Enhanced Virus Protection, Extended Frequency Range, Precision Boost, AMD64<br>Кулер в комплекте - нет<br>Тип поставки - OEM<br>Гарантия - 12 мес.<br>Сайт производителя - www.amd.com<br><br><br>','чёрный',98,'AMD','',10,12,'Процессор_8-0.png<br>','5700X',18560,'Процессор AMD Ryzen 7 5700X OEM',2),(987,'---Основные---<br>Производитель - AMD<br>Код производителя - 100-000000910<br>Линейка - Ryzen 7<br>Модель - 7800X3D<br>Socket - AM5<br>Архитектура - Zen 4<br>Ядро - Raphael<br>Количество ядер - 8<br>Количество потоков - 16<br>Интегрированное графическое ядро - да<br>Видеопроцессор - Radeon Graphics<br>Объём кэша L1 - 512 Кб<br>Объём кэша L2 - 8 Мб<br>Объём кэша L3 - 96 Мб<br>Тактовая частота - 4200 МГц<br>Частота процессора в режиме Turbo - 5000 МГц<br>Коэффициент умножения - 42<br>Разблокированный множитель - да<br>Технологический процесс - 5 нм<br>Максимальная рабочая температура - 89 °C<br>Типичное тепловыделение - 120 Вт<br>Технологии - MMX, SSE, SSE2, SSE3, SSE4, Simultaneous MultiThreading, Precision Boost<br>Кулер в комплекте - нет<br>Тип поставки - OEM<br>Гарантия - 12 мес.<br>Сайт производителя - www.amd.com<br><br><br>','чёрный',63,'AMD','',15,12,'Процессор_9-0.png<br>','7800X3D',45900,'Процессор AMD Ryzen 7 7800X3D OEM',2),(988,'---Основные---<br>Производитель - AMD<br>Код производителя - 100-000000592<br>Линейка - Ryzen 7<br>Модель - 7700<br>Socket - AM5<br>Архитектура - Zen 4<br>Ядро - Raphael<br>Количество ядер - 8<br>Количество потоков - 16<br>Тактовая частота - 3800 МГц<br>Частота процессора в режиме Turbo - 5300 МГц<br>Коэффициент умножения - 45<br>Разблокированный множитель - да<br>Интегрированное графическое ядро - да<br>Видеопроцессор - Radeon Graphics, RDNA 2<br>Объём кэша L1 - 64 Кб<br>Объём кэша L2 - 8 Мб<br>Объём кэша L3 - 32 Мб<br>Технологический процесс - 5 нм<br>Максимальная рабочая температура - 95 °C<br>Типичное тепловыделение - 65 Вт<br>Технологии - MMX, SSE, SSE2, SSE3, SSE4, Advanced Bit Manipulation, Advanced Vector Extensions, Advanced Vector Extensions 2, Simultaneous MultiThreading, Enhanced Virus Protection, Virtualization Technology , Precision Boost<br>Дата релиза - Q3 2022<br>Кулер в комплекте - нет<br>Тип поставки - OEM<br>Гарантия - 12 мес.<br>Сайт производителя - www.amd.com<br><br><br>','чёрный',65,'AMD','',0,12,'Процессор_10-0.png<br>','7700',29410,'Процессор AMD Ryzen 7 7700 OEM',2),(989,'---Основные---<br>Производитель - Intel<br>Код производителя - CM8071504821006<br>Линейка - Core i5<br>Модель - 13600KF<br>Socket - LGA 1700<br>Архитектура - Raptor Lake<br>Ядро - Raptor Cove / Gracemont<br>Количество ядер - 14<br>Количество потоков - 20<br>Высокопроизводительные ядра - 6<br>Энергоэффективные ядра - 8<br>Интегрированное графическое ядро - нет<br>Объём кэша L2 - 20 Мб<br>Объём кэша L3 - 24 Мб<br>Тактовая частота - 3500 МГц<br>Частота процессора в режиме Turbo - 5100 МГц<br>Частота шины - DMI 4.0 (16 ГТ/с)<br>Коэффициент умножения - 35<br>Разблокированный множитель - да<br>Технологический процесс - 10 нм<br>Максимальная рабочая температура - 100 °C<br>Типичное тепловыделение - 125 Вт<br>Максимальное тепловыделение - 181 Вт<br>Технологии - MMX, SSE, SSE2, SSE3, SSE4, Thread Director, Extended Memory 64, Advanced Bit Manipulation, Advanced Vector Extensions, Advanced Vector Extensions 2, Gaussian & Neural Accelerator, Hyper-Threading, Execute Disable Bit/No eXecute Bit, Enhanced Virus Protection, Virtualization Technology , Turbo Boost<br>Дата релиза - Q4 2022<br>Кулер в комплекте - нет<br>Тип поставки - OEM<br>Гарантия - 12 мес.<br>Сайт производителя - www.intel.com<br><br><br>','чёрный',46,'Intel','',15,12,'Процессор_11-0.png<br>','13600KF',31890,'Процессор Intel Core i5 - 13600KF OEM',2),(990,'---Основные---<br>Производитель - AMD<br>Код производителя - 100-000000597<br>Линейка - Ryzen 5<br>Модель - 7500F<br>Socket - AM5<br>Архитектура - Zen 4<br>Ядро - Raphael<br>Количество ядер - 6<br>Количество потоков - 12<br>Тактовая частота - 3700 МГц<br>Частота процессора в режиме Turbo - 5000 МГц<br>Коэффициент умножения - 37<br>Разблокированный множитель - да<br>Интегрированное графическое ядро - нет<br>Объём кэша L1 - 64 Кб<br>Объём кэша L2 - 6 Мб<br>Объём кэша L3 - 32 Мб<br>Технологический процесс - 5 нм<br>Максимальная рабочая температура - 95 °C<br>Типичное тепловыделение - 65 Вт<br>Технологии - MMX, SSE, SSE2, SSE3, SSE4, Advanced Bit Manipulation, Advanced Vector Extensions, Advanced Vector Extensions 2, Simultaneous MultiThreading, Enhanced Virus Protection, Virtualization Technology , Precision Boost<br>Дата релиза - Q3 2023<br>Кулер в комплекте - нет<br>Тип поставки - OEM<br>Гарантия - 12 мес.<br>Сайт производителя - www.amd.com<br><br><br>','чёрный',91,'AMD','',5,12,'','7500F',18210,'Процессор AMD Ryzen 5 7500F OEM',2),(991,'---Основные---<br>Производитель - Intel<br>Код производителя - CM8071504820722<br>Линейка - Core i7<br>Модель - 14700KF<br>Socket - LGA 1700<br>Архитектура - Raptor Lake Refresh<br>Ядро - Raptor Cove / Gracemont<br>Количество ядер - 20<br>Количество потоков - 28<br>Высокопроизводительные ядра - 8<br>Энергоэффективные ядра - 12<br>Интегрированное графическое ядро - нет<br>Объём кэша L2 - 28 Мб, 8x 2MB + 12x 1MB<br>Объём кэша L3 - 33 Мб<br>Тактовая частота - 3400 МГц<br>Частота процессора в режиме Turbo - 5600 МГц<br>Частота шины - DMI 4.0 (16 ГТ/с)<br>Коэффициент умножения - 34<br>Разблокированный множитель - да<br>Технологический процесс - 10 нм<br>Максимальная рабочая температура - 100 °C<br>Типичное тепловыделение - 125 Вт<br>Максимальное тепловыделение - 253 Вт<br>Технологии - MMX, SSE, SSE2, SSE3, SSE4, Thread Director, Extended Memory 64, Advanced Bit Manipulation, Advanced Vector Extensions, Advanced Vector Extensions 2, Gaussian & Neural Accelerator, Hyper-Threading, Execute Disable Bit/No eXecute Bit, Enhanced Virus Protection, Virtualization Technology , Turbo Boost<br>Дата релиза - Q4 2023<br>Кулер в комплекте - нет<br>Тип поставки - OEM<br>Гарантия - 12 мес.<br>Сайт производителя - www.intel.com<br><br><br>','чёрный',50,'Intel','',5,12,'Процессор_13-0.png<br>Процессор_13-1.png<br>','14700KF',47210,'Процессор Intel Core i7 - 14700KF OEM',2),(992,'---Основные---<br>Производитель - Intel<br>Код производителя - CM8071504821107/CM8071505093005<br>Линейка - Core i5<br>Модель - 13400F<br>Socket - LGA 1700<br>Архитектура - Raptor Lake<br>Ядро - Golden Cove / Gracemont<br>Количество ядер - 10<br>Количество потоков - 16<br>Высокопроизводительные ядра - 6<br>Энергоэффективные ядра - 4<br>Интегрированное графическое ядро - нет<br>Объём кэша L2 - 9.5 Мб<br>Объём кэша L3 - 20 Мб<br>Тактовая частота - 2500 МГц<br>Частота процессора в режиме Turbo - 4600 МГц<br>Частота шины - DMI 4.0 (16 ГТ/с)<br>Коэффициент умножения - 25<br>Разблокированный множитель - нет<br>Технологический процесс - 10 нм<br>Максимальная рабочая температура - 100 °C<br>Типичное тепловыделение - 65 Вт<br>Максимальное тепловыделение - 148 Вт<br>Технологии - MMX, SSE, SSE2, SSE3, SSE4, Thread Director, Extended Memory 64, Advanced Bit Manipulation, Advanced Vector Extensions, Advanced Vector Extensions 2, Gaussian & Neural Accelerator, Hyper-Threading, Execute Disable Bit/No eXecute Bit, Enhanced Virus Protection, Virtualization Technology , Turbo Boost<br>Дата релиза - Q1 2023<br>Кулер в комплекте - нет<br>Тип поставки - OEM<br>Гарантия - 12 мес.<br>Сайт производителя - www.intel.com<br><br><br>','чёрный',55,'Intel','',15,12,'Процессор_14-0.png<br>','13400F',21990,'Процессор Intel Core i5 - 13400F OEM',2),(993,'---Основные---<br>Производитель - Intel<br>Код производителя - CM8071504821014<br>Линейка - Core i5<br>Модель - 14600KF<br>Socket - LGA 1700<br>Архитектура - Raptor Lake Refresh<br>Ядро - Raptor Cove / Gracemont<br>Количество ядер - 14<br>Количество потоков - 20<br>Высокопроизводительные ядра - 6<br>Энергоэффективные ядра - 8<br>Интегрированное графическое ядро - нет<br>Объём кэша L2 - 20 Мб<br>Объём кэша L3 - 24 Мб<br>Тактовая частота - 3500 МГц<br>Частота процессора в режиме Turbo - 5300 МГц<br>Частота шины - DMI 4.0 (16 ГТ/с)<br>Коэффициент умножения - 35<br>Разблокированный множитель - да<br>Технологический процесс - 10 нм<br>Максимальная рабочая температура - 100 °C<br>Типичное тепловыделение - 125 Вт<br>Максимальное тепловыделение - 181 Вт<br>Технологии - MMX, SSE, SSE2, SSE3, SSE4, Thread Director, Extended Memory 64, Advanced Bit Manipulation, Advanced Vector Extensions, Advanced Vector Extensions 2, Gaussian & Neural Accelerator, Hyper-Threading, Execute Disable Bit/No eXecute Bit, Enhanced Virus Protection, Virtualization Technology , Turbo Boost<br>Дата релиза - Q4 2023<br>Кулер в комплекте - нет<br>Тип поставки - OEM<br>Гарантия - 12 мес.<br>Сайт производителя - www.intel.com<br><br><br>','чёрный',71,'Intel','',15,12,'Процессор_15-0.png<br>Процессор_15-1.png<br>','14600KF',33440,'Процессор Intel Core i5 - 14600KF OEM',2),(994,'---Основные---<br>Производитель - DeepCool<br>Система охлаждения - жидкостная<br>Назначение - для процессора<br>Socket - LGA 115x/1200, LGA 1700, LGA 2011, 2011-3, LGA 2066, AM4, AM5, TR4, sTRX4, SP3<br>Количество вентиляторов - 3<br>Размеры вентилятора - 120x120 мм<br>Скорость вращения вентилятора - 500-2250 об/мин<br>Уровень шума вентилятора - 32.9 дБ<br>Воздушный поток - 85.85 CFM<br>Тип подшипника - гидродинамический<br>Регулятор оборотов - PWM<br>Материал водоблока - медь<br>Размер радиатора - 402х120х27 мм<br>Материал радиатора - алюминий<br>Монтажный размер радиатора - 360 мм<br>Подсветка - разноцветная<br>Цвета, использованные в оформлении - чёрный<br>Вес - 1.6 кг<br>Гарантия - 12 мес.<br>Сайт производителя - www.deepcool.com<br><br><br>','чёрный',96,'DeepCool','',15,12,'Охлаждение_1-0.png<br>Охлаждение_1-1.png<br>Охлаждение_1-2.png<br>','',13980,'Система жидкостного охлаждения DeepCool LS720',3),(995,'---Основные---<br>Производитель - DeepCool<br>Код производителя - R-LS520-BKAMNT-G-1<br>Система охлаждения - жидкостная<br>Назначение - для процессора<br>Socket - LGA 115x/1200, LGA 1700, LGA 2011, 2011-3, LGA 2066, AM4, AM5, TR4, sTRX4, SP3<br>Количество вентиляторов - 2<br>Размеры вентилятора - 120x120 мм<br>Скорость вращения вентилятора - 500-2250 об/мин<br>Уровень шума вентилятора - 32.9 дБ<br>Воздушный поток - 85.85 CFM<br>Тип подшипника - гидродинамический<br>Регулятор оборотов - PWM<br>Материал водоблока - медь<br>Размер радиатора - 282х120х27 мм<br>Материал радиатора - алюминий<br>Монтажный размер радиатора - 240 мм<br>Подсветка - разноцветная<br>Тип подсветки - ARGB (Addressable RGB)<br>Цвета, использованные в оформлении - чёрный<br>Размеры (ШхВхГ) - 350 x 250 x 150 мм<br>Вес - 1.3 кг<br>Гарантия - 12 мес.<br>Сайт производителя - www.deepcool.com<br><br><br>','чёрный',38,'DeepCool','',10,12,'Охлаждение_2-0.png<br>Охлаждение_2-1.png<br>Охлаждение_2-2.png<br>','',9820,'Система жидкостного охлаждения DeepCool LS520',3),(996,'---Основные---<br>Производитель - DeepCool<br>Код производителя - R-LS720-WHAMNT-G-1<br>Система охлаждения - жидкостная<br>Назначение - для процессора<br>Socket - LGA 115x/1200, LGA 1700, LGA 2011, 2011-3, LGA 2066, AM4, AM5, TR4, sTRX4, SP3<br>Количество вентиляторов - 3<br>Размеры вентилятора - 120x120 мм<br>Скорость вращения вентилятора - 500-2250 об/мин<br>Уровень шума вентилятора - 32.9 дБ<br>Воздушный поток - 85.85 CFM<br>Тип подшипника - гидродинамический<br>Регулятор оборотов - PWM<br>Материал водоблока - медь<br>Размер радиатора - 402х120х27 мм<br>Материал радиатора - алюминий<br>Монтажный размер радиатора - 360 мм<br>Подсветка - разноцветная<br>Цвета, использованные в оформлении - белый<br>Вес - 1.6 кг<br>Гарантия - 12 мес.<br>Сайт производителя - www.deepcool.com<br><br><br>','белый',59,'DeepCool','',0,12,'Охлаждение_3-0.png<br>Охлаждение_3-1.png<br>Охлаждение_3-2.png<br>','',12720,'Система жидкостного охлаждения DeepCool LS720 White',3),(997,'---Основные---<br>Производитель - DeepCool<br>Код производителя - R-LT720-BKAMNF-G-1<br>Система охлаждения - жидкостная<br>Назначение - для процессора<br>Socket - LGA 115x/1200, LGA 1700, LGA 2011, 2011-3, LGA 2066, AM4, AM5, TR4, sTRX4, SP3<br>Количество вентиляторов - 3<br>Размеры вентилятора - 120x120 мм<br>Скорость вращения вентилятора - 500-2250 об/мин<br>Уровень шума вентилятора - 32.9 дБ<br>Тип подшипника - гидродинамический<br>Регулятор оборотов - PWM<br>Размер радиатора - 402х120х27 мм<br>Материал радиатора - алюминий<br>Монтажный размер радиатора - 360 мм<br>Размер помпы - 94х80х68 мм<br>Скорость помпы - 3100 об/мин<br>Уровень шума помпы - 19 дБ<br>Тип коннектора помпы - 3-pin<br>Подсветка - разноцветная<br>Тип подсветки - ARGB (Addressable RGB)<br>Разъём подключения подсветки - 3-pin<br>Цвета, использованные в оформлении - чёрный<br>Вес - 1.856 кг<br>Гарантия - 12 мес.<br>Сайт производителя - www.deepcool.com<br><br><br>','чёрный',58,'DeepCool','',5,12,'Охлаждение_4-0.png<br>Охлаждение_4-1.png<br>Охлаждение_4-2.png<br>','',13030,'Система жидкостного охлаждения DeepCool LT720',3),(998,'---Основные---<br>Производитель - ASUS<br>Код производителя - 90RC00F1-M0UAY4<br>Система охлаждения - жидкостная<br>Назначение - для процессора<br>Socket - LGA 115x/1200, LGA 1700, LGA 2011, 2011-3, LGA 2066, AM4, AM5<br>Количество вентиляторов - 3<br>Размеры вентилятора - 120x120 мм<br>Скорость вращения вентилятора - 800-2500 об/мин<br>Уровень шума вентилятора - 37.6 дБ<br>Воздушный поток - 80.95 CFM<br>Регулятор оборотов - PWM<br>Размер радиатора - 121 x 394 x 27<br>Материал радиатора - алюминий<br>Монтажный размер радиатора - 360 мм<br>Размер водоблока - 80 x 80 x 45 мм<br>Материал водоблока - медь<br>Размер помпы - 80 х 80 х 45 мм<br>Тип коннектора помпы - 4-pin PWM<br>Подсветка - разноцветная<br>Тип подсветки - ARGB (Addressable RGB)<br>Разъём подключения подсветки - 3-pin<br>Цвета, использованные в оформлении - чёрный<br>Гарантия - 24 мес.<br>Сайт производителя - www.asus.com<br><br><br>','чёрный',42,'ASUS','',10,24,'Охлаждение_5-0.png<br>Охлаждение_5-1.png<br>Охлаждение_5-2.png<br>','',17540,'Система жидкостного охлаждения ASUS ROG STRIX LC II 360 ARGB',3),(999,'---Основные---<br>Производитель - ASUS<br>Код производителя - 90RC00I2-M0UAY0<br>Система охлаждения - жидкостная<br>Назначение - для процессора<br>Socket - LGA 115x/1200, LGA 1700, AM4, AM5<br>Количество вентиляторов - 3<br>Размеры вентилятора - 120x120 мм<br>Скорость вращения вентилятора - 2200 об/мин<br>Уровень шума вентилятора - 36.45 дБ<br>Воздушный поток - 70.07 CFM<br>Регулятор оборотов - PWM<br>Размер водоблока - 89 х 89 х 68.3 мм<br>Материал водоблока - медь<br>Скорость помпы - 800-2600 об/мин<br>Размер радиатора - 399.5 х 120 х 30 мм<br>Материал радиатора - алюминий<br>Монтажный размер радиатора - 360 мм<br>ЖК дисплей - да<br>Подсветка - разноцветная<br>Тип подсветки - ARGB (Addressable RGB)<br>Цвета, использованные в оформлении - белый<br>Гарантия - 24 мес.<br>Сайт производителя - www.asus.com<br><br><br>','белый',17,'ASUS','',10,24,'Охлаждение_6-0.png<br>Охлаждение_6-1.png<br>Охлаждение_6-2.png<br>','',27170,'Система жидкостного охлаждения ASUS ROG RYUO III 360 ARGB White Edition',3),(1000,'---Основные---<br>Производитель - ID-COOLING<br>Код производителя - SL360 BLACK<br>Система охлаждения - жидкостная<br>Назначение - для процессора<br>Socket - LGA 115x/1200, LGA 1700, LGA 2011, 2011-3, LGA 2066, AM4, AM5<br>Максимальная рассеиваемая мощность - 350 Вт<br>Количество вентиляторов - 3<br>Размеры вентилятора - 120x120 мм<br>Скорость вращения вентилятора - 500-2000 об/мин<br>Уровень шума вентилятора - 29.9 дБ<br>Воздушный поток - 78 CFM<br>Тип подшипника - гидродинамический<br>Регулятор оборотов - PWM<br>Размер радиатора - 397х120х27 мм<br>Материал радиатора - алюминий<br>Монтажный размер радиатора - 360 мм<br>Размер водоблока - 76х76х58 мм<br>Материал водоблока - медь<br>Скорость помпы - 0-2100 об/мин<br>Уровень шума помпы - 25 дБ<br>Тип подшипника помпы - керамический<br>ЖК дисплей - да<br>Подсветка - разноцветная<br>Цвета, использованные в оформлении - чёрный<br>Гарантия - 12 мес.<br>Сайт производителя - www.idcooling.com<br><br><br>','чёрный',61,'ID','',0,12,'Охлаждение_7-0.png<br>Охлаждение_7-1.png<br>Охлаждение_7-2.png<br>','',15120,'Система жидкостного охлаждения ID-COOLING SL360 BLACK',3),(1001,'---Основные---<br>Производитель - MSI<br>Код производителя - MEG CORELIQUID S360<br>Система охлаждения - жидкостная<br>Назначение - для процессора<br>Socket - LGA 115x/1200, LGA 1700, LGA 2011, 2011-3, LGA 2066, AM2, AM2+, AM3, AM3+, AM4, AM5, FM1, FM2, FM2+<br>Количество вентиляторов - 3<br>Размеры вентилятора - 120x120 мм<br>Скорость вращения вентилятора - 0-2000 об/мин<br>Уровень шума вентилятора - 22.7 дБ<br>Воздушный поток - 56.2 CFM<br>Тип подшипника - гидродинамический<br>Регулятор оборотов - PWM<br>Материал водоблока - медь<br>Размер радиатора - 394 x 120 x 27 мм<br>Материал радиатора - алюминий<br>ЖК дисплей - да<br>Подсветка - нет<br>Цвета, использованные в оформлении - чёрный<br>Гарантия - 12 мес.<br>Сайт производителя - www.msi.com<br><br><br>','чёрный',5,'MSI','',0,12,'Охлаждение_8-0.png<br>Охлаждение_8-1.png<br>Охлаждение_8-2.png<br>','',25780,'Система жидкостного охлаждения MSI MEG CoreLiquid S360',3),(1002,'---Основные---<br>Производитель - ASUS<br>Код производителя - 90RC0020-M0UAY0<br>Система охлаждения - жидкостная<br>Назначение - для процессора<br>Socket - LGA 115x/1200, LGA 1356, 1366, LGA 2011, 2011-3, LGA 2066, AM4, AM5<br>Количество вентиляторов - 3<br>Размеры вентилятора - 120x120 мм<br>Скорость вращения вентилятора - 450-2000 об/мин<br>Уровень шума вентилятора - 6.7-29.7 дБ<br>Воздушный поток - 27.4-121.8 CFM<br>Тип подшипника - гидродинамический<br>Регулятор оборотов - PWM<br>Материал радиатора - алюминий + медь<br>Монтажный размер радиатора - 360 мм<br>Подсветка - разноцветная<br>Цвета, использованные в оформлении - чёрный<br>Дополнительная информация - размеры радиатора: 394x121x27мм,<br>Гарантия - 24 мес.<br>Сайт производителя - www.asus.com<br><br><br>','чёрный',48,'ASUS','',5,24,'Охлаждение_9-0.png<br>Охлаждение_9-1.png<br>Охлаждение_9-2.png<br>','',16370,'Система жидкостного охлаждения ASUS ROG RYUJIN 360',3),(1003,'---Основные---<br>Производитель - DeepCool<br>Код производителя - HUB_FH-04<br>Гарантия - 12 мес.<br>Сайт производителя - www.deepcool.com<br><br><br>','чёрный',86,'DeepCool','',10,12,'Охлаждение_10-0.png<br>Охлаждение_10-1.png<br>Охлаждение_10-2.png<br>','',740,'Разветвитель питания вентиляторов DeepCool FH-04',3),(1004,'---Основные---<br>Производитель - ID-COOLING<br>Код производителя - ZERO M15<br>Размеры (ШхВхГ) - 74 x 30 x 23 мм<br>Гарантия - 12 мес.<br>Сайт производителя - www.idcooling.com<br><br><br>','чёрный',40,'ID','',10,12,'Охлаждение_11-0.png<br>Охлаждение_11-1.png<br>Охлаждение_11-2.png<br>','',1030,'Радиатор для SSD ID-COOLING ZERO M15',3),(1005,'---Основные---<br>Производитель - Thermalright<br>Код производителя - LGA-17XX-BCF-BLACK<br>Гарантия - 12 мес.<br>Сайт производителя - www.thermalright.com<br><br><br>','чёрный',86,'Thermalright','',15,12,'Охлаждение_12-0.png<br>Охлаждение_12-1.png<br>Охлаждение_12-2.png<br>','',1100,'Крепление кулера Thermalright 1700 LGA Black',3),(1006,'---Основные---<br>Производитель - ID-COOLING<br>Система охлаждения - жидкостная<br>Назначение - для процессора<br>Socket - LGA 115x/1200, LGA 1700, LGA 2011, 2011-3, LGA 2066, AM4, AM5<br>Максимальная рассеиваемая мощность - 200 Вт<br>Количество вентиляторов - 1<br>Размеры вентилятора - 120x120 мм<br>Скорость вращения вентилятора - 700-1800 об/мин<br>Уровень шума вентилятора - 18-35.2 дБ<br>Воздушный поток - 29-74.5 CFM<br>Тип подшипника - гидродинамический<br>Регулятор оборотов - PWM<br>Материал радиатора - алюминий + медь<br>Подсветка - нет<br>Цвета, использованные в оформлении - чёрный<br>Дополнительная информация - помпа: 2100rpm/25dB(A), керамический подшипник,<br>Вес - 1.2 кг<br>Гарантия - 12 мес.<br>Сайт производителя - www.idcooling.com<br><br><br>','чёрный',79,'ID','',0,12,'Охлаждение_13-0.png<br>Охлаждение_13-1.png<br>Охлаждение_13-2.png<br>','',3400,'Система жидкостного охлаждения ID-COOLING FROSTFLOW X 120',3),(1007,'---Основные---<br>Производитель - ID-COOLING<br>Код производителя - SL360 WHITE<br>Система охлаждения - жидкостная<br>Назначение - для процессора<br>Socket - LGA 115x/1200, LGA 1700, LGA 2011, 2011-3, LGA 2066, AM4, AM5<br>Максимальная рассеиваемая мощность - 350 Вт<br>Количество вентиляторов - 3<br>Размеры вентилятора - 120x120 мм<br>Скорость вращения вентилятора - 500-2000 об/мин<br>Уровень шума вентилятора - 29.9 дБ<br>Воздушный поток - 78 CFM<br>Тип подшипника - гидродинамический<br>Регулятор оборотов - PWM<br>Размер радиатора - 397х120х27 мм<br>Материал радиатора - алюминий<br>Монтажный размер радиатора - 360 мм<br>Размер водоблока - 76х76х58 мм<br>Материал водоблока - медь<br>Скорость помпы - 0-2100 об/мин<br>Уровень шума помпы - 25 дБ<br>Тип подшипника помпы - керамический<br>ЖК дисплей - да<br>Подсветка - разноцветная<br>Цвета, использованные в оформлении - белый<br>Гарантия - 12 мес.<br>Сайт производителя - www.idcooling.com<br><br><br>','белый',77,'ID','',5,12,'Охлаждение_14-0.png<br>Охлаждение_14-1.png<br>Охлаждение_14-2.png<br>','',15500,'Система жидкостного охлаждения ID-COOLING SL360 WHITE',3),(1008,'---Основные---<br>Производитель - ID-COOLING<br>Код производителя - HA-02<br>Размеры (ШхВхГ) - 136 x 18 x 53 мм<br>Гарантия - 12 мес.<br>Сайт производителя - www.idcooling.com<br><br><br>','чёрный',26,'ID','',15,12,'Охлаждение_15-0.png<br>Охлаждение_15-1.png<br>Охлаждение_15-2.png<br>','',1410,'Разветвитель питания вентиляторов ID-COOLING HA-02',3),(1009,'---Основные---<br>Производитель - Kingston<br>Код производителя - KF432C16BBK2/16<br>Форм-фактор - DIMM<br>Тип памяти - DDR4<br>Объём памяти - 16 Гб<br>Объём одного модуля - 8 Гб<br>Количество модулей в комплекте - 2<br>Тактовая частота - 3200 МГц<br>Пропускная способность - 25600 Мб/с<br>CAS Latency (CL) - 16<br>RAS to CAS Delay (tRCD) - 18<br>Row Precharge Delay (tRP) - 18<br>Напряжение питания - 1.35 В<br>Поддержка XMP - да<br>Система охлаждения - пассивная (радиатор)<br>Низкопрофильная (Low Profile) - нет<br>Цвета, использованные в оформлении - чёрный<br>Гарантия - 60 мес.<br>Сайт производителя - www.kingston.com<br><br><br>','чёрный',26,'Kingston','',0,60,'Память_1-0.png<br>','',5710,'Оперативная память 16Gb DDR4 3200MHz Kingston Fury Beast Black (KF432C16BBK2/16) (2x8Gb KIT)',4),(1010,'---Основные---<br>Производитель - Kingston<br>Код производителя - KF432C16BB1K2/32<br>Форм-фактор - DIMM<br>Тип памяти - DDR4<br>Объём памяти - 32 Гб<br>Объём одного модуля - 16 Гб<br>Количество модулей в комплекте - 2<br>Тактовая частота - 3200 МГц<br>Пропускная способность - 25600 Мб/с<br>CAS Latency (CL) - 16<br>RAS to CAS Delay (tRCD) - 18<br>Row Precharge Delay (tRP) - 18<br>Напряжение питания - 1.35 В<br>Поддержка XMP - да<br>Система охлаждения - пассивная (радиатор)<br>Низкопрофильная (Low Profile) - нет<br>Гарантия - 60 мес.<br>Сайт производителя - www.kingston.com<br><br><br>','чёрный',27,'Kingston','',0,60,'Память_2-0.png<br>','',8970,'Оперативная память 32Gb DDR4 3200MHz Kingston Fury Beast Black (KF432C16BB1K2/32) (2x16Gb KIT)',4),(1011,'---Основные---<br>Производитель - ADATA<br>Код производителя - AX5U5600C4616G-DTLABBK<br>Форм-фактор - DIMM<br>Тип памяти - DDR5<br>Объём памяти - 32 Гб<br>Объём одного модуля - 16 Гб<br>Количество модулей в комплекте - 2<br>Тактовая частота - 5600 МГц<br>Пропускная способность - 44800 Мб/с<br>CAS Latency (CL) - 46<br>RAS to CAS Delay (tRCD) - 45<br>Row Precharge Delay (tRP) - 45<br>Напряжение питания - 1.1 В<br>Поддержка XMP - да, 3.0<br>Поддержка EXPO - да<br>Система охлаждения - пассивная (радиатор)<br>Высота модуля - 34 мм<br>Низкопрофильная (Low Profile) - нет<br>Цвета, использованные в оформлении - чёрный<br>Гарантия - 60 мес.<br>Сайт производителя - www.adata.com<br><br><br>','чёрный',15,'ADATA','',15,60,'Память_3-0.png<br>Память_3-1.png<br>Память_3-2.png<br>','',12050,'Оперативная память 32Gb DDR5 5600MHz ADATA XPG Lancer Blade Black (AX5U5600C4616G-DTLABBK) (2x16Gb KIT)',4),(1012,'---Основные---<br>Производитель - Kingston<br>Код производителя - KF436C18BBK2/32<br>Форм-фактор - DIMM<br>Тип памяти - DDR4<br>Объём памяти - 32 Гб<br>Объём одного модуля - 16 Гб<br>Количество модулей в комплекте - 2<br>Тактовая частота - 3600 МГц<br>Пропускная способность - 28800 Мб/с<br>CAS Latency (CL) - 18<br>RAS to CAS Delay (tRCD) - 22<br>Row Precharge Delay (tRP) - 22<br>Напряжение питания - 1.35 В<br>Поддержка XMP - да<br>Система охлаждения - пассивная (радиатор)<br>Низкопрофильная (Low Profile) - нет<br>Цвета, использованные в оформлении - чёрный<br>Гарантия - 60 мес.<br>Сайт производителя - www.kingston.com<br><br><br>','чёрный',10,'Kingston','',5,60,'Память_4-0.png<br>','',9910,'Оперативная память 32Gb DDR4 3600MHz Kingston Fury Beast Black (KF436C18BBK2/32) (2x16Gb KIT)',4),(1013,'---Основные---<br>Производитель - Kingston<br>Код производителя - KF560C40BBK2-32<br>Форм-фактор - DIMM<br>Тип памяти - DDR5<br>Объём памяти - 32 Гб<br>Объём одного модуля - 16 Гб<br>Количество модулей в комплекте - 2<br>Тактовая частота - 6000 МГц<br>Пропускная способность - 48000 Мб/с<br>CAS Latency (CL) - 40<br>RAS to CAS Delay (tRCD) - 40<br>Row Precharge Delay (tRP) - 40<br>Напряжение питания - 1.35 В<br>Поддержка XMP - да<br>Система охлаждения - пассивная (радиатор)<br>Высота модуля - 35 мм<br>Низкопрофильная (Low Profile) - нет<br>Цвета, использованные в оформлении - чёрный<br>Размеры (ШхВхГ) - 133 x 35 x 7 мм<br>Гарантия - 60 мес.<br>Сайт производителя - www.kingston.com<br><br><br>','чёрный',54,'Kingston','',10,60,'Память_5-0.png<br>','',15020,'Оперативная память 32Gb DDR5 6000MHz Kingston Fury Beast (KF560C40BBK2-32) (2x16Gb KIT)',4),(1014,'---Основные---<br>Производитель - Kingston<br>Код производителя - KF560C36BBEK2-32<br>Форм-фактор - DIMM<br>Тип памяти - DDR5<br>Объём памяти - 32 Гб<br>Объём одного модуля - 16 Гб<br>Количество модулей в комплекте - 2<br>Тактовая частота - 6000 МГц<br>Пропускная способность - 48000 Мб/с<br>CAS Latency (CL) - 36<br>RAS to CAS Delay (tRCD) - 38<br>Row Precharge Delay (tRP) - 38<br>Напряжение питания - 1.35 В<br>Поддержка XMP - да, XMP 3.0<br>Поддержка EXPO - да<br>Система охлаждения - пассивная (радиатор)<br>Высота модуля - 34.9 мм<br>Низкопрофильная (Low Profile) - нет<br>Цвета, использованные в оформлении - чёрный<br>Гарантия - 60 мес.<br>Сайт производителя - www.kingston.com<br><br><br>','чёрный',35,'Kingston','',5,60,'Память_6-0.png<br>','',15760,'Оперативная память 32Gb DDR5 6000MHz Kingston Fury Beast (KF560C36BBEK2-32) (2x16Gb KIT)',4),(1015,'---Основные---<br>Производитель - Kingston<br>Код производителя - KF560C40BBAK2-32<br>Форм-фактор - DIMM<br>Тип памяти - DDR5<br>Объём памяти - 32 Гб<br>Объём одного модуля - 16 Гб<br>Количество модулей в комплекте - 2<br>Тактовая частота - 6000 МГц<br>Пропускная способность - 48000 Мб/с<br>CAS Latency (CL) - 40<br>RAS to CAS Delay (tRCD) - 40<br>Row Precharge Delay (tRP) - 40<br>Напряжение питания - 1.35 В<br>Поддержка XMP - да, XMP 3.0<br>Поддержка EXPO - да<br>Система охлаждения - пассивная (радиатор)<br>Высота модуля - 42.23 мм<br>Подсветка - да<br>Низкопрофильная (Low Profile) - нет<br>Цвета, использованные в оформлении - чёрный<br>Гарантия - 60 мес.<br>Сайт производителя - www.kingston.com<br><br><br>','чёрный',59,'Kingston','',5,60,'Память_7-0.png<br>Память_7-1.png<br>Память_7-2.png<br>','',15690,'Оперативная память 32Gb DDR5 6000MHz Kingston Fury Beast RGB (KF560C40BBAK2-32) (2x16Gb KIT)',4),(1016,'---Основные---<br>Производитель - Kingston<br>Код производителя - KF432C16BBK2/32<br>Форм-фактор - DIMM<br>Тип памяти - DDR4<br>Объём памяти - 32 Гб<br>Объём одного модуля - 16 Гб<br>Количество модулей в комплекте - 2<br>Тактовая частота - 3200 МГц<br>Пропускная способность - 25600 Мб/с<br>CAS Latency (CL) - 16<br>RAS to CAS Delay (tRCD) - 20<br>Row Precharge Delay (tRP) - 20<br>Напряжение питания - 1.35 В<br>Поддержка XMP - да<br>Система охлаждения - пассивная (радиатор)<br>Низкопрофильная (Low Profile) - нет<br>Гарантия - 60 мес.<br>Сайт производителя - www.kingston.com<br><br><br>','чёрный',59,'Kingston','',0,60,'Память_8-0.png<br>','',10490,'Оперативная память 32Gb DDR4 3200MHz Kingston Fury Beast Black (KF432C16BBK2/32) (2x16Gb KIT)',4),(1017,'---Основные---<br>Производитель - Samsung<br>Форм-фактор - SO-DIMM<br>Тип памяти - DDR4<br>Объём памяти - 16 Гб<br>Объём одного модуля - 16 Гб<br>Количество модулей в комплекте - 1<br>Тактовая частота - 3200 МГц<br>Пропускная способность - 25600 Мб/с<br>CAS Latency (CL) - 22<br>RAS to CAS Delay (tRCD) - 22<br>Row Precharge Delay (tRP) - 22<br>Напряжение питания - 1.2 В<br>Система охлаждения - нет<br>Низкопрофильная (Low Profile) - нет<br>Гарантия - 12 мес.<br>Сайт производителя - www.samsung.com<br><br><br>','чёрный',63,'Samsung','',15,12,'Память_9-0.png<br>','',4360,'Оперативная память 16Gb DDR4 3200MHz Samsung SO-DIMM OEM',4),(1018,'---Основные---<br>Производитель - Kingston<br>Код производителя - KF552C40BBK2-32<br>Форм-фактор - DIMM<br>Тип памяти - DDR5<br>Объём памяти - 32 Гб<br>Объём одного модуля - 16 Гб<br>Количество модулей в комплекте - 2<br>Тактовая частота - 5200 МГц<br>Пропускная способность - 41600 Мб/с<br>CAS Latency (CL) - 40<br>RAS to CAS Delay (tRCD) - 40<br>Row Precharge Delay (tRP) - 40<br>Напряжение питания - 1.25 В<br>Поддержка XMP - да<br>Система охлаждения - пассивная (радиатор)<br>Высота модуля - 35 мм<br>Низкопрофильная (Low Profile) - нет<br>Размеры (ШхВхГ) - 133 x 35 x 7 мм<br>Вес - 0.1 кг<br>Гарантия - 60 мес.<br>Сайт производителя - www.kingston.com<br><br><br>','чёрный',36,'Kingston','',5,60,'Память_10-0.png<br>','',12630,'Оперативная память 32Gb DDR5 5200MHz Kingston Fury Beast (KF552C40BBK2-32) (2x16Gb KIT)',4),(1019,'---Основные---<br>Производитель - Lenovo<br>Код производителя - 83ER0086RK<br>Тип - ноутбук<br>Операционная система - не установлена<br>Сетевой интерфейс - Wi-Fi, Bluetooth<br>Стандарт Wi-Fi - Wi-Fi 6 (802.11ax)<br>Стандарт Bluetooth - 5.1<br>Тип графического контроллера - интегрированный (встроенный)<br>Графический чипсет - Intel UHD Graphics<br>Тактовая частота с ускорением - 1200 МГц<br>Объём установленной памяти - 16 Гб<br>Тип памяти - DDR5<br>Максимальный объём памяти - 16 Гб<br>Производитель - Intel<br>Линейка - Core i5<br>Модель - 12450H<br>Тактовая частота - 2000 МГц<br>Частота процессора в режиме Turbo - 4400 МГц<br>Количество ядер - 8<br>Высокопроизводительные ядра - 4<br>Энергоэффективные ядра - 4<br>Количество потоков - 12<br>Оптический привод - нет<br>Звук - HD Audio<br>Встроенные динамики - да<br>Встроенный микрофон - да<br>Тип накопителя - SSD<br>Объём установленного SSD - 512 Гб<br>Количество слотов M.2 - 1<br>Диагональ - 15.6\"<br>Разрешение - 1920x1080 (16:9)<br>Тип матрицы - IPS<br>Частота обновления - 60 Гц<br>Яркость экрана - 300 кд/м2<br>Поверхность экрана - матовая<br>Интерфейсы - 2 x USB 3.2 Gen1, USB Type-C, HDMI, 3.5 мм jack (микрофон/аудио)<br>Кардридер - да<br>Веб-камера - есть<br>Тип аккумулятора - Li-Pol<br>Ёмкость батареи (Вт*ч) - 47<br>Цвет - серый<br>Размеры (ШхВхГ) - 360 x 18 x 235 мм<br>Вес - 1.62 кг<br>Гарантия - 12 мес.<br>Сайт производителя - www.lenovo.com<br><br><br>','чёрный',81,'Intel','',15,12,'Память_11-0.png<br>Память_11-1.png<br>Память_11-2.png<br>','12450H',57710,'Ноутбук Lenovo IdeaPad Slim 3 15IAH8 (83ER0086RK)',4),(1020,'---Основные---<br>Производитель - Kingston<br>Код производителя - KF436C17BBK2/16<br>Форм-фактор - DIMM<br>Тип памяти - DDR4<br>Объём памяти - 16 Гб<br>Объём одного модуля - 8 Гб<br>Количество модулей в комплекте - 2<br>Тактовая частота - 3600 МГц<br>Пропускная способность - 28800 Мб/с<br>CAS Latency (CL) - 17<br>RAS to CAS Delay (tRCD) - 21<br>Row Precharge Delay (tRP) - 21<br>Напряжение питания - 1.35 В<br>Поддержка XMP - да<br>Система охлаждения - пассивная (радиатор)<br>Низкопрофильная (Low Profile) - нет<br>Цвета, использованные в оформлении - чёрный<br>Гарантия - 60 мес.<br>Сайт производителя - www.kingston.com<br><br><br>','чёрный',49,'Kingston','',5,60,'Память_12-0.png<br>','',5650,'Оперативная память 16Gb DDR4 3600MHz Kingston Fury Beast Black (KF436C17BBK2/16) (2x8Gb KIT)',4),(1021,'---Основные---<br>Производитель - G.Skill<br>Код производителя - F5-6400J3239G16GX2-TZ5RW<br>Форм-фактор - DIMM<br>Тип памяти - DDR5<br>Объём памяти - 32 Гб<br>Объём одного модуля - 16 Гб<br>Количество модулей в комплекте - 2<br>Тактовая частота - 6400 МГц<br>Пропускная способность - 51200 Мб/с<br>CAS Latency (CL) - 32<br>RAS to CAS Delay (tRCD) - 39<br>Row Precharge Delay (tRP) - 39<br>Activate to Precharge Delay (tRAS) - 102<br>Напряжение питания - 1.4 В<br>Поддержка XMP - да, XMP 3.0<br>Система охлаждения - пассивная (радиатор)<br>Высота модуля - 43.5 мм<br>Подсветка - да<br>Низкопрофильная (Low Profile) - нет<br>Цвета, использованные в оформлении - белый, чёрный<br>Гарантия - 60 мес.<br>Сайт производителя - www.gskill.com<br><br><br>','белый, чёрный',87,'G.Skill','',10,60,'Память_13-0.png<br>Память_13-1.png<br>Память_13-2.png<br>','',15480,'Оперативная память 32Gb DDR5 6400MHz G.Skill Trident Z5 RGB (F5-6400J3239G16GX2-TZ5RW) (2x16Gb KIT)',4),(1022,'---Основные---<br>Производитель - Netac<br>Код производителя - NTSWD4P32DP-32K<br>Форм-фактор - DIMM<br>Тип памяти - DDR4<br>Объём памяти - 32 Гб<br>Объём одного модуля - 16 Гб<br>Количество модулей в комплекте - 2<br>Тактовая частота - 3200 МГц<br>Пропускная способность - 25600 Мб/с<br>CAS Latency (CL) - 16<br>RAS to CAS Delay (tRCD) - 20<br>Row Precharge Delay (tRP) - 20<br>Activate to Precharge Delay (tRAS) - 40<br>Напряжение питания - 1.35 В<br>Поддержка XMP - да<br>Система охлаждения - пассивная (радиатор)<br>Высота модуля - 43.5 мм<br>Низкопрофильная (Low Profile) - нет<br>Цвета, использованные в оформлении - серебристый<br>Гарантия - 60 мес.<br>Сайт производителя - www.netac.com<br><br><br>','серебристый',54,'Netac','',0,60,'Память_14-0.png<br>Память_14-1.png<br>Память_14-2.png<br>','',7270,'Оперативная память 32Gb DDR4 3200MHz Netac Shadow II (NTSWD4P32DP-32K) (2x16Gb KIT)',4),(1023,'---Основные---<br>Производитель - ASUS<br>Код производителя - E1504FA-L1529<br>Тип - ноутбук<br>Операционная система - не установлена<br>Оптический привод - нет<br>Тип накопителя - SSD<br>Объём установленного SSD - 512 Гб<br>Звук - HD Audio<br>Встроенные динамики - да<br>Встроенный микрофон - да<br>Объём установленной памяти - 16 Гб<br>Тип памяти - DDR5<br>Максимальный объём памяти - 16 Гб<br>Производитель - AMD<br>Линейка - Ryzen 5<br>Модель - 7520U<br>Тактовая частота - 2800 МГц<br>Частота процессора в режиме Turbo - 4300 МГц<br>Количество ядер - 4<br>Количество потоков - 8<br>Тип графического контроллера - интегрированный (встроенный)<br>Графический чипсет - AMD Radeon 610M<br>Сетевой интерфейс - Wi-Fi, Bluetooth<br>Стандарт Wi-Fi - Wi-Fi 5 (802.11ac)<br>Стандарт Bluetooth - 5.1<br>Диагональ - 15.6\"<br>Разрешение - 1920x1080 (16:9)<br>Тип матрицы - OLED<br>Частота обновления - 60 Гц<br>Яркость экрана - 400 кд/м2<br>Поверхность экрана - матовая<br>Интерфейсы - USB 2.0, USB 3.2 Gen1, USB Type-C, HDMI, 3.5 мм jack (микрофон/аудио)<br>Кардридер - нет<br>Веб-камера - есть<br>Подсветка клавиатуры - да<br>Тип аккумулятора - Li-Ion<br>Ёмкость батареи (Вт*ч) - 42<br>Цвет - чёрный<br>Размеры (ШхВхГ) - 360 x 18 x 233 мм<br>Вес - 1.6 кг<br>Гарантия - 12 мес.<br>Сайт производителя - www.asus.com<br><br><br>','чёрный',33,'AMD','',0,12,'Память_15-0.png<br>Память_15-1.png<br>Память_15-2.png<br>','7520U',57700,'Ноутбук ASUS E1504FA Vivobook Go OLED (L1529)',4),(1024,'---Основные---<br>Производитель - Zalman<br>Типоразмер - Midi-Tower<br>Форм-фактор - ATX, mATX, Mini-ITX<br>Блок питания - без БП<br>Расположение БП - нижнее<br>Материал корпуса - сталь<br>Наличие окна на боковой стенке - да<br>Материал окна - закалённое стекло<br>Внутренние отсеки 2.5\" - 2<br>Внутренние отсеки 3.5\" - 2<br>Количество слотов расширения - 7<br>Размещение HDD - поперечное<br>Максимальная длина видеокарты - 315 мм<br>Максимальная высота кулера - 163 мм<br>Максимальная длина БП - 180 мм<br>Интерфейсы на лицевой панели - 2 x USB 2.0, USB 3.0, аудио<br>Установленные вентиляторы - 2 x 120 мм на верхней панели, 120 мм на задней панели, 3 x 140 мм на передней панели<br>Места для дополнительных вентиляторов - 2 x 120 мм на нижней панели<br>Подсветка корпуса - да<br>Тип подсветки - FRGB (Fixed RGB)<br>Возможность установки СЖО - да<br>Пылевой фильтр - на верхней панели, на нижней панели<br>Дополнительная информация - посадочные места передней панели совместимы с двумя вентиляторами 180 мм или тремя 120 мм<br>Цвета, использованные в оформлении - чёрный<br>Размеры (ШхВхГ) - 204 x 446 x 396 мм<br>Вес - 4.7 кг<br>Гарантия - 12 мес.<br>Сайт производителя - www.zalman.com<br><br><br>','чёрный',3,'Zalman','',10,12,'Корпус_1-0.png<br>Корпус_1-1.png<br>Корпус_1-2.png<br>','',5910,'Корпус Zalman N4 Rev.1 Black',6),(1025,'---Основные---<br>Производитель - Zalman<br>Типоразмер - Midi-Tower<br>Форм-фактор - ATX, mATX, Mini-ITX<br>Блок питания - без БП<br>Расположение БП - нижнее<br>Материал корпуса - сталь<br>Наличие окна на боковой стенке - да<br>Материал окна - закалённое стекло<br>Внутренние отсеки 2.5\" - 2<br>Внутренние отсеки 3.5\" - 2<br>Количество слотов расширения - 7<br>Размещение HDD - продольное<br>Максимальная длина видеокарты - 330 мм<br>Максимальная высота кулера - 156 мм<br>Интерфейсы на лицевой панели - 2 x USB 2.0, USB 3.0, аудио<br>Установленные вентиляторы - 120 мм на задней панели, 2 x 120 мм на передней панели<br>Места для дополнительных вентиляторов - 2 x 120 мм на верхней панели, 120 мм на передней панели, 2 x 120 мм на нижней панели<br>Возможность установки СЖО - да<br>Цвета, использованные в оформлении - чёрный<br>Размеры (ШхВхГ) - 196 x 462 x 424 мм<br>Вес - 5 кг<br>Гарантия - 12 мес.<br>Сайт производителя - www.zalman.com<br><br><br>','чёрный',91,'Zalman','',15,12,'Корпус_2-1.png<br>Корпус_2-2.png<br>','',4290,'Корпус Zalman S2 TG Black',6),(1026,'---Основные---<br>Производитель - Zalman<br>Типоразмер - Midi-Tower<br>Форм-фактор - ATX, mATX, Mini-ITX<br>Блок питания - без БП<br>Расположение БП - нижнее<br>Материал корпуса - сталь<br>Наличие окна на боковой стенке - да<br>Материал окна - акрил<br>Внутренние отсеки 2.5\" - 2<br>Внутренние отсеки 3.5\" - 2<br>Безвинтовое крепление в отсеках - да<br>Количество слотов расширения - 7<br>Размещение HDD - поперечное<br>Максимальная длина видеокарты - 330 мм<br>Максимальная высота кулера - 156 мм<br>Интерфейсы на лицевой панели - 2 x USB 2.0, USB 3.0, аудио<br>Установленные вентиляторы - 120 мм на задней панели<br>Места для дополнительных вентиляторов - 2 x 120 мм на верхней панели, 3 x 120 мм на передней панели, 120 мм на нижней панели<br>Возможность установки СЖО - да<br>Дополнительная информация - пылевые фильтры,<br>Цвета, использованные в оформлении - чёрный<br>Размеры (ШхВхГ) - 189 x 451 x 412 мм<br>Вес - 4 кг<br>Гарантия - 12 мес.<br>Сайт производителя - www.zalman.com<br><br><br>','чёрный',6,'Zalman','',10,12,'Корпус_3-0.png<br>Корпус_3-1.png<br>Корпус_3-2.png<br>','',3530,'Корпус Zalman S3 Black',6),(1027,'---Основные---<br>Производитель - Zalman<br>Типоразмер - Midi-Tower<br>Форм-фактор - E-ATX, ATX, mATX, Mini-ITX<br>Блок питания - без БП<br>Расположение БП - нижнее<br>Материал корпуса - сталь<br>Наличие окна на боковой стенке - да<br>Материал окна - закалённое стекло<br>Внутренние отсеки 2.5\" - 2<br>Внутренние отсеки 3.5\" - 2<br>Количество слотов расширения - 7<br>Размещение HDD - поперечное<br>Вертикальное крепление SSD/HDD - да<br>Максимальная длина видеокарты - 395 мм<br>Максимальная высота кулера - 173 мм<br>Максимальная длина БП - 200 мм<br>Интерфейсы на лицевой панели - 2 x USB 3.0, USB Type-C, аудио<br>Установленные вентиляторы - 120 мм на задней панели, 3 x 140 мм на передней панели<br>Места для дополнительных вентиляторов - 2 x 140 мм на верхней панели, 2 x 120 мм на боковой панели, 2 x 120 мм на нижней панели<br>Возможность установки СЖО - да<br>Дополнительная информация - в верхнюю панель можно установить до трёх вентиляторов диаметром 120 мм,<br>Цвета, использованные в оформлении - чёрный<br>Размеры (ШхВхГ) - 220 x 488 x 481 мм<br>Вес - 8 кг<br>Гарантия - 12 мес.<br>Сайт производителя - www.zalman.com<br><br><br>','чёрный',88,'Zalman','',5,12,'Корпус_4-0.png<br>Корпус_4-1.png<br>Корпус_4-2.png<br>','',8530,'Корпус Zalman Z10 Black',6),(1028,'---Основные---<br>Производитель - Zalman<br>Типоразмер - Midi-Tower<br>Форм-фактор - ATX, mATX, Mini-ITX<br>Блок питания - без БП<br>Расположение БП - верхнее<br>Материал корпуса - сталь<br>Внешние отсеки 5.25\" - 1<br>Внутренние отсеки 2.5\" - 2<br>Внутренние отсеки 3.5\" - 2<br>Количество слотов расширения - 7<br>Размещение HDD - поперечное<br>Максимальная длина видеокарты - 280 мм<br>Максимальная высота кулера - 165 мм<br>Интерфейсы на лицевой панели - 2 x USB 2.0, USB 3.0, аудио<br>Установленные вентиляторы - 120 мм на задней панели<br>Места для дополнительных вентиляторов - 120 мм на боковой панели, 2 x 120 мм на передней панели<br>Возможность установки СЖО - нет<br>Цвета, использованные в оформлении - чёрный<br>Размеры (ШхВхГ) - 200 x 430 x 377 мм<br>Вес - 2.82 кг<br>Гарантия - 12 мес.<br>Сайт производителя - www.zalman.com<br><br><br>','чёрный',33,'Zalman','',0,12,'Корпус_5-0.png<br>Корпус_5-1.png<br>Корпус_5-2.png<br>','',3350,'Корпус Zalman ZM-T6 Black',6),(1029,'---Основные---<br>Производитель - Zalman<br>Типоразмер - Midi-Tower<br>Форм-фактор - ATX, mATX, Mini-ITX<br>Блок питания - без БП<br>Расположение БП - нижнее<br>Материал корпуса - сталь<br>Наличие окна на боковой стенке - да<br>Материал окна - акрил<br>Внутренние отсеки 2.5\" - 3<br>Внутренние отсеки 3.5\" - 2<br>Безвинтовое крепление в отсеках - да<br>Количество слотов расширения - 7<br>Размещение HDD - поперечное<br>Максимальная длина видеокарты - 360 мм<br>Максимальная высота кулера - 156 мм<br>Максимальная длина БП - 180 мм<br>Интерфейсы на лицевой панели - 2 x USB 2.0, USB 3.0, аудио<br>Установленные вентиляторы - 120 мм на задней панели, 3 x 120 мм на передней панели<br>Места для дополнительных вентиляторов - 2 x 120 мм на верхней панели<br>Подсветка корпуса - да, белая<br>Возможность установки СЖО - да<br>Цвета, использованные в оформлении - чёрный<br>Размеры (ШхВхГ) - 196 x 456 x 445 мм<br>Вес - 4.7 кг<br>Гарантия - 12 мес.<br>Сайт производителя - www.zalman.com<br><br><br>','чёрный',45,'Zalman','',10,12,'Корпус_6-0.png<br>Корпус_6-1.png<br>','',5120,'Корпус Zalman I3 Black',6),(1030,'---Основные---<br>Производитель - DeepCool<br>Код производителя - DP-FDC-XF120<br>Количество вентиляторов - 1<br>Размеры вентилятора (ДхШ) - 120x120 мм<br>Скорость вращения - 1300 об/мин<br>Воздушный поток - 44.71 CFM<br>Уровень шума - 23.7 дБ<br>Тип подшипника - гидродинамический (FDB, S-FDB)<br>Подсветка - отсутствует<br>Регулятор оборотов - отсутствует<br>Цвета, использованные в оформлении - чёрный<br>Вес - 0.18 кг<br>Гарантия - 12 мес.<br>Сайт производителя - www.deepcool.com<br><br><br>','чёрный',18,'DeepCool','',0,12,'Корпус_7-0.png<br>Корпус_7-1.png<br>','',440,'Вентилятор для корпуса DeepCool Xfan120',6),(1031,'---Основные---<br>Производитель - Zalman<br>Код производителя - ZM-VE350<br>Тип - внешний корпус<br>Форм-фактор накопителя - 2.5\"<br>Количество слотов для накопителей - 1<br>Интерфейс подключения к компьютеру - USB 3.0<br>Цвет - чёрный<br>Размеры (ШхВхГ) - 135 x 13 x 79 мм<br>Вес - 0.096 кг<br>Гарантия - 12 мес.<br>Сайт производителя - www.zalman.com<br><br><br>','чёрный',61,'Zalman','',0,12,'Корпус_8-0.png<br>','',4960,'Внешний корпус для HDD Zalman ZM-VE350 Black',6),(1032,'---Основные---<br>Производитель - Zalman<br>Типоразмер - Midi-Tower<br>Форм-фактор - ATX, mATX, Mini-ITX<br>Блок питания - без БП<br>Расположение БП - нижнее<br>Материал корпуса - сталь<br>Наличие окна на боковой стенке - да<br>Материал окна - закалённое стекло<br>Внутренние отсеки 2.5\" - 3<br>Внутренние отсеки 3.5\" - 2<br>Количество слотов расширения - 7<br>Размещение HDD - поперечное<br>Максимальная длина видеокарты - 355 мм<br>Максимальная высота кулера - 160 мм<br>Интерфейсы на лицевой панели - USB 2.0, 2 x USB 3.0, аудио<br>Установленные вентиляторы - 120 мм на задней панели, 3 x 120 мм на передней панели<br>Места для дополнительных вентиляторов - 2 x 140 мм на верхней панели, 2 x 120 мм на нижней панели<br>Подсветка корпуса - да<br>Возможность установки СЖО - да<br>Дополнительная информация - в переднюю панель можно установить радиатор 280/360 мм<br>Цвета, использованные в оформлении - чёрный<br>Размеры (ШхВхГ) - 219 x 484 x 422 мм<br>Вес - 5.6 кг<br>Гарантия - 12 мес.<br>Сайт производителя - www.zalman.com<br><br><br>','чёрный',87,'Zalman','',15,12,'Корпус_9-0.png<br>Корпус_9-1.png<br>Корпус_9-2.png<br>','',5730,'Корпус Zalman I3 Neo Black',6),(1033,'---Основные---<br>Производитель - Zalman<br>Код производителя - ZM-T8<br>Типоразмер - Midi-Tower<br>Форм-фактор - ATX, mATX, Mini-ITX<br>Блок питания - без БП<br>Расположение БП - верхнее<br>Материал корпуса - сталь<br>Внешние отсеки 5.25\" - 1<br>Внутренние отсеки 2.5\" - 4<br>Внутренние отсеки 3.5\" - 2<br>Количество слотов расширения - 7<br>Размещение HDD - продольное<br>Максимальная длина видеокарты - 295 мм<br>Максимальная высота кулера - 160 мм<br>Интерфейсы на лицевой панели - 2 x USB 2.0, USB 3.0, аудио<br>Установленные вентиляторы - 120 мм на задней панели<br>Места для дополнительных вентиляторов - 120 мм на боковой панели, 2 x 140 мм на передней панели<br>Подсветка корпуса - да<br>Возможность установки СЖО - да<br>Цвета, использованные в оформлении - чёрный<br>Размеры (ШхВхГ) - 200 x 423 x 395 мм<br>Вес - 2.6 кг<br>Гарантия - 12 мес.<br>Сайт производителя - www.zalman.com<br><br><br>','чёрный',62,'Zalman','',0,12,'Корпус_10-0.png<br>Корпус_10-1.png<br>Корпус_10-2.png<br>','',3240,'Корпус Zalman T8 Black',6),(1034,'---Основные---<br>Производитель - ExeGate<br>Код производителя - EX277807RUS<br>Типоразмер - Mini-Tower<br>Форм-фактор - mATX<br>Блок питания - без БП<br>Расположение БП - верхнее<br>Материал корпуса - сталь<br>Внутренние отсеки 3.5\" - 2, совместимы с носителями 2.5\"<br>Количество слотов расширения - 4<br>Размещение HDD - продольное<br>Максимальная длина видеокарты - 230 мм<br>Максимальная высота кулера - 130 мм<br>Интерфейсы на лицевой панели - 2 x USB 2.0, USB 3.0, аудио<br>Установленные вентиляторы - нет<br>Места для дополнительных вентиляторов - 120 мм на боковой панели, 80 мм на задней панели, 120 мм на передней панели<br>Возможность установки СЖО - нет<br>Цвета, использованные в оформлении - чёрный<br>Размеры (ШхВхГ) - 180 x 355 x 314 мм<br>Вес - 3.5 кг<br>Гарантия - 12 мес.<br>Сайт производителя - www.exegate.ru<br><br><br>','чёрный',29,'ExeGate','',10,12,'Корпус_11-0.png<br>','',1810,'Корпус ExeGate BAA-104U Black',6),(1035,'---Основные---<br>Производитель - DeepCool<br>Количество вентиляторов - 3<br>Размеры вентилятора (ДхШ) - 120x120 мм<br>Скорость вращения - 500-1850 об/мин<br>Воздушный поток - 68.99 CFM<br>Уровень шума - 28 дБ<br>Тип подшипника - гидродинамический (FDB, S-FDB)<br>Тип коннектора - 4-pin PWM<br>Подсветка - отсутствует<br>Цвета, использованные в оформлении - чёрный<br>Дополнительная информация - 4-портовый разветвитель питания вентиляторов в комплекте<br>Вес - 0.527 кг<br>Гарантия - 12 мес.<br>Сайт производителя - www.deepcool.com<br><br><br>','чёрный',6,'DeepCool','',10,12,'Корпус_12-0.png<br>Корпус_12-1.png<br>Корпус_12-2.png<br>','',2950,'Вентилятор для корпуса DeepCool FK120 - 3 in 1',6),(1036,'---Основные---<br>Производитель - Netac<br>Код производителя - NT07WH51-32CA<br>Тип - внешний корпус<br>Форм-фактор накопителя - M.2 SATA/M.2 NVMe<br>Ключ M.2 разъёма - B+M<br>Количество слотов для накопителей - 1<br>Интерфейс подключения к компьютеру - USB Type-C<br>Материал корпуса - металл<br>Максимальная ёмкость накопителя - 2 ТБ<br>Цвет - серый<br>Дополнительная информация - кабель USB-C-USB-A<br>Размеры (ШхВхГ) - 110 x 13 x 32 мм<br>Вес - 0.11 кг<br>Гарантия - 12 мес.<br>Сайт производителя - www.netac.com<br><br><br>','чёрный',74,'Netac','',5,12,'Корпус_13-0.png<br>Корпус_13-1.png<br>Корпус_13-2.png<br>','',1580,'Внешний корпус для SSD Netac WH51 Grey (NT07WH51-32CA)',6),(1037,'---Основные---<br>Производитель - AeroCool<br>Код производителя - CS-107-A-BK-V2/4710562759389<br>Типоразмер - Mini-Tower<br>Форм-фактор - mATX, Mini-ITX<br>Блок питания - без БП<br>Расположение БП - верхнее<br>Материал корпуса - сталь<br>Наличие окна на боковой стенке - да<br>Материал окна - акрил<br>Внутренние отсеки 2.5\" - 2<br>Внутренние отсеки 3.5\" - 1<br>Количество слотов расширения - 4<br>Размещение HDD - продольное<br>Максимальная длина видеокарты - 286 мм<br>Максимальная высота кулера - 157 мм<br>Интерфейсы на лицевой панели - USB 2.0, USB 3.0, аудио<br>Установленные вентиляторы - 120 мм на задней панели, 2 x 120 мм на передней панели<br>Места для дополнительных вентиляторов - нет<br>Подсветка корпуса - да<br>Возможность установки СЖО - да<br>Цвета, использованные в оформлении - чёрный<br>Размеры (ШхВхГ) - 198 x 353 x 341 мм<br>Гарантия - 12 мес.<br>Сайт производителя - www.aerocool.com.tw<br><br><br>','чёрный',36,'AeroCool','',0,12,'Корпус_14-0.png<br>Корпус_14-1.png<br>Корпус_14-2.png<br>','',3430,'Корпус AeroCool CS-107 v2 Black',6),(1038,'---Основные---<br>Производитель - AeroCool<br>Код производителя - 4710562759358<br>Типоразмер - Mini-Tower<br>Форм-фактор - mATX, Mini-ITX<br>Блок питания - без БП<br>Расположение БП - верхнее<br>Установленные вентиляторы - нет<br>Места для дополнительных вентиляторов - 120 мм на боковой панели, 120 мм на задней панели, 2 x 120 мм на передней панели<br>Материал корпуса - сталь<br>Внешние отсеки 5.25\" - 1<br>Внутренние отсеки 2.5\" - 2<br>Внутренние отсеки 3.5\" - 1<br>Количество слотов расширения - 4<br>Размещение HDD - продольное<br>Максимальная длина видеокарты - 286 мм<br>Максимальная высота кулера - 167 мм<br>Интерфейсы на лицевой панели - 2 x USB 2.0, USB 3.0, аудио<br>Возможность установки СЖО - да<br>Цвета, использованные в оформлении - чёрный<br>Размеры (ШхВхГ) - 199 x 353 x 341 мм<br>Гарантия - 12 мес.<br>Сайт производителя - www.aerocool.com.tw<br><br><br>','чёрный',13,'AeroCool','',15,12,'Корпус_15-0.png<br>Корпус_15-1.png<br>Корпус_15-2.png<br>','',2690,'Корпус AeroCool CS-104 Black',6),(1039,'---Основные---<br>Производитель - DeepCool<br>Код производителя - PF750<br>Мощность - 750 Вт<br>Стандарт - ATX12V 2.4<br>PFC - активный<br>Размер вентилятора - 120 мм<br>Тип разъёма для материнской платы - 20+4 pin<br>Количество разъёмов 4+4-pin CPU - 1<br>Количество разъёмов 6+2-pin PCI-E - 4<br>Количество разъёмов 4-pin IDE (Molex) - 2<br>Количество разъёмов 15-pin SATA - 6<br>Ток по линии +3.3 В - 15 A<br>Ток по линии +5 В - 15 A<br>Ток по линии +12 В 1 - 62 A<br>Ток по линии -12 В - 0.3 A<br>Ток по линии +5 В Standby - 2.5 A<br>Защита от перенапряжения - да<br>Защита от перегрузки - да<br>Защита от короткого замыкания - да<br>Сертификат 80 PLUS - Standard<br>Отстёгивающиеся кабели - нет<br>Длина кабеля питания материнской платы - 55 см<br>Подсветка - нет<br>Цвета, использованные в оформлении - чёрный<br>Гарантия - 36 мес.<br>Сайт производителя - www.deepcool.com<br><br><br>','чёрный',70,'DeepCool','',5,36,'Блок питания_1-0.png<br>Блок питания_1-1.png<br>Блок питания_1-2.png<br>','',5150,'Блок питания 750W DeepCool PF750',7),(1040,'---Основные---<br>Производитель - Be Quiet<br>Код производителя - BN329<br>Мощность - 750 Вт<br>Стандарт - ATX12V 2.52<br>PFC - активный<br>Размер вентилятора - 120 мм<br>Тип разъёма для материнской платы - 20+4 pin<br>Количество разъёмов 4-pin CPU - 1<br>Количество разъёмов 4+4-pin CPU - 1<br>Количество разъёмов 6+2-pin PCI-E - 4<br>Количество разъёмов 4-pin IDE (Molex) - 1<br>Количество разъёмов 15-pin SATA - 6<br>Ток по линии +3.3 В - 20 A<br>Ток по линии +5 В - 20 A<br>Ток по линии +12 В 1 - 62.5 A<br>Ток по линии -12 В - 0.3 A<br>Ток по линии +5 В Standby - 3 A<br>Защита от перенапряжения - да<br>Защита от перегрузки - да<br>Защита от короткого замыкания - да<br>Сертификат 80 PLUS - Bronze<br>Отстёгивающиеся кабели - нет<br>Длина кабеля питания материнской платы - 55 см<br>Подсветка - нет<br>Цвета, использованные в оформлении - чёрный<br>Вес - 1.95 кг<br>Гарантия - 36 мес.<br>Сайт производителя - www.bequiet.com<br><br><br>','чёрный',74,'Be Quiet','',5,36,'Блок питания_2-0.png<br>Блок питания_2-1.png<br>','',8050,'Блок питания 750W Be Quiet System Power 10',7),(1041,'---Основные---<br>Производитель - Be Quiet<br>Код производителя - BN344<br>Мощность - 850 Вт<br>Стандарт - ATX12V 3.0<br>PFC - активный<br>Размер вентилятора - 120 мм<br>Тип разъёма для материнской платы - 20+4 pin<br>Количество разъёмов 4+4-pin CPU - 1<br>Количество разъёмов 8-pin CPU - 1<br>Количество разъёмов 6+2-pin PCI-E - 2<br>Количество разъёмов 12+4-pin PCI-E 5.0 (12VHPWR) - 1<br>Количество разъёмов 15-pin SATA - 5<br>Ток по линии +3.3 В - 20 A<br>Ток по линии +5 В - 20 A<br>Ток по линии +12 В 1 - 36 A<br>Ток по линии +12 В 2 - 32 A<br>Ток по линии -12 В - 0.3 A<br>Ток по линии +5 В Standby - 3 A<br>Защита от перенапряжения - да<br>Защита от перегрузки - да<br>Защита от короткого замыкания - да<br>Сертификат 80 PLUS - Gold<br>Отстёгивающиеся кабели - да<br>Длина кабеля питания материнской платы - 55 см<br>Подсветка - нет<br>Цвета, использованные в оформлении - чёрный<br>Размеры (ШхВхГ) - 160 x 150 x 86 мм<br>Вес - 1.85 кг<br>Гарантия - 36 мес.<br>Сайт производителя - www.bequiet.com<br><br><br>','чёрный',96,'Be Quiet','',15,36,'Блок питания_3-0.png<br>Блок питания_3-1.png<br>Блок питания_3-2.png<br>','',15400,'Блок питания 850W Be Quiet Pure Power 12 M',7),(1042,'---Основные---<br>Производитель - DeepCool<br>Код производителя - PF450<br>Мощность - 450 Вт<br>Стандарт - ATX12V 2.4<br>PFC - активный<br>Размер вентилятора - 120 мм<br>Тип разъёма для материнской платы - 20+4 pin<br>Количество разъёмов 4+4-pin CPU - 1<br>Количество разъёмов 6+2-pin PCI-E - 2<br>Количество разъёмов 4-pin IDE (Molex) - 2<br>Количество разъёмов 15-pin SATA - 6<br>Ток по линии +3.3 В - 15 A<br>Ток по линии +5 В - 15 A<br>Ток по линии +12 В 1 - 35 A<br>Ток по линии -12 В - 0.3 A<br>Ток по линии +5 В Standby - 2.5 A<br>Защита от перенапряжения - да<br>Защита от перегрузки - да<br>Защита от короткого замыкания - да<br>Сертификат 80 PLUS - Standard<br>Отстёгивающиеся кабели - нет<br>Длина кабеля питания материнской платы - 55 см<br>Подсветка - нет<br>Цвета, использованные в оформлении - чёрный<br>Гарантия - 36 мес.<br>Сайт производителя - www.deepcool.com<br><br><br>','чёрный',83,'DeepCool','',10,36,'Блок питания_4-0.png<br>Блок питания_4-1.png<br>Блок питания_4-2.png<br>','',3280,'Блок питания 450W DeepCool PF450',7),(1043,'---Основные---<br>Производитель - DeepCool<br>Код производителя - R-PF650D-HA0B-EU<br>Мощность - 650 Вт<br>Стандарт - ATX12V 2.4<br>PFC - активный<br>Размер вентилятора - 120 мм<br>Тип разъёма для материнской платы - 20+4 pin<br>Количество разъёмов 4+4-pin CPU - 1<br>Количество разъёмов 6+2-pin PCI-E - 4<br>Количество разъёмов 4-pin IDE (Molex) - 2<br>Количество разъёмов 15-pin SATA - 6<br>Ток по линии +3.3 В - 15 A<br>Ток по линии +5 В - 15 A<br>Ток по линии +12 В 1 - 52 A<br>Ток по линии -12 В - 0.3 A<br>Ток по линии +5 В Standby - 2.5 A<br>Защита от перенапряжения - да<br>Защита от перегрузки - да<br>Защита от короткого замыкания - да<br>Сертификат 80 PLUS - Standard<br>Отстёгивающиеся кабели - нет<br>Длина кабеля питания материнской платы - 55 см<br>Подсветка - нет<br>Цвета, использованные в оформлении - чёрный<br>Гарантия - 36 мес.<br>Сайт производителя - www.deepcool.com<br><br><br>','чёрный',39,'DeepCool','',10,36,'Блок питания_5-0.png<br>Блок питания_5-1.png<br>Блок питания_5-2.png<br>','',4770,'Блок питания 650W DeepCool PF650',7),(1044,'---Основные---<br>Производитель - DeepCool<br>Код производителя - PF600<br>Мощность - 600 Вт<br>Стандарт - ATX12V 2.4<br>PFC - активный<br>Размер вентилятора - 120 мм<br>Тип разъёма для материнской платы - 20+4 pin<br>Количество разъёмов 4+4-pin CPU - 1<br>Количество разъёмов 6+2-pin PCI-E - 4<br>Количество разъёмов 4-pin IDE (Molex) - 2<br>Количество разъёмов 15-pin SATA - 6<br>Ток по линии +3.3 В - 15 A<br>Ток по линии +5 В - 15 A<br>Ток по линии +12 В 1 - 48 A<br>Ток по линии -12 В - 0.3 A<br>Ток по линии +5 В Standby - 2.5 A<br>Защита от перенапряжения - да<br>Защита от перегрузки - да<br>Защита от короткого замыкания - да<br>Сертификат 80 PLUS - Standard<br>Отстёгивающиеся кабели - нет<br>Длина кабеля питания материнской платы - 55 см<br>Подсветка - нет<br>Цвета, использованные в оформлении - чёрный<br>Гарантия - 36 мес.<br>Сайт производителя - www.deepcool.com<br><br><br>','чёрный',45,'DeepCool','',5,36,'Блок питания_6-0.png<br>Блок питания_6-1.png<br>Блок питания_6-2.png<br>','',4370,'Блок питания 600W DeepCool PF600',7),(1045,'---Основные---<br>Производитель - Be Quiet<br>Код производителя - BN338<br>Мощность - 1000 Вт<br>Стандарт - ATX12V 3.0<br>PFC - активный<br>Размер вентилятора - 135 мм<br>Тип разъёма для материнской платы - 20+4 pin<br>Количество разъёмов 4+4-pin CPU - 1<br>Количество разъёмов 8-pin CPU - 1<br>Количество разъёмов 6+2-pin PCI-E - 4<br>Количество разъёмов 12+4-pin PCI-E 5.0 (12VHPWR) - 1<br>Количество разъёмов 4-pin IDE (Molex) - 2<br>Количество разъёмов 15-pin SATA - 9<br>Ток по линии +3.3 В - 25 A<br>Ток по линии +5 В - 25 A<br>Ток по линии +12 В 1 - 83.3 A<br>Ток по линии -12 В - 0.5 A<br>Ток по линии +5 В Standby - 3 A<br>Защита от перенапряжения - да<br>Защита от перегрузки - да<br>Защита от короткого замыкания - да<br>Сертификат 80 PLUS - Platinum<br>Отстёгивающиеся кабели - да<br>Длина кабеля питания материнской платы - 60 см<br>Подсветка - нет<br>Цвета, использованные в оформлении - чёрный<br>Размеры (ШхВхГ) - 150 x 86 x 160 мм<br>Гарантия - 36 мес.<br>Сайт производителя - www.bequiet.com<br><br><br>','чёрный',39,'Be Quiet','',0,36,'Блок питания_7-0.png<br>Блок питания_7-1.png<br>Блок питания_7-2.png<br>','',23280,'Блок питания 1000W Be Quiet Straight Power 12',7),(1046,'---Основные---<br>Производитель - Be Quiet<br>Код производителя - BN343<br>Мощность - 750 Вт<br>Стандарт - ATX12V 3.0<br>PFC - активный<br>Размер вентилятора - 120 мм<br>Тип разъёма для материнской платы - 20+4 pin<br>Количество разъёмов 4+4-pin CPU - 1<br>Количество разъёмов 8-pin CPU - 1<br>Количество разъёмов 6+2-pin PCI-E - 2<br>Количество разъёмов 12+4-pin PCI-E 5.0 (12VHPWR) - 1<br>Количество разъёмов 15-pin SATA - 5<br>Ток по линии +3.3 В - 20 A<br>Ток по линии +5 В - 20 A<br>Ток по линии +12 В 1 - 36 A<br>Ток по линии +12 В 2 - 32 A<br>Ток по линии -12 В - 0.3 A<br>Ток по линии +5 В Standby - 3 A<br>Защита от перенапряжения - да<br>Защита от перегрузки - да<br>Защита от короткого замыкания - да<br>Сертификат 80 PLUS - Gold<br>Отстёгивающиеся кабели - да<br>Длина кабеля питания материнской платы - 55 см<br>Подсветка - нет<br>Цвета, использованные в оформлении - чёрный<br>Размеры (ШхВхГ) - 160 x 150 x 86 мм<br>Вес - 1.7 кг<br>Гарантия - 36 мес.<br>Сайт производителя - www.bequiet.com<br><br><br>','чёрный',44,'Be Quiet','',5,36,'Блок питания_8-0.png<br>Блок питания_8-1.png<br>Блок питания_8-2.png<br>','',12890,'Блок питания 750W Be Quiet Pure Power 12 M',7),(1047,'---Основные---<br>Производитель - AeroCool<br>Код производителя - EN62772<br>Мощность - 600 Вт<br>Стандарт - ATX12V 2.3<br>PFC - активный<br>Размер вентилятора - 120 мм<br>Тип разъёма для материнской платы - 20+4 pin<br>Количество разъёмов 4+4-pin CPU - 1<br>Количество разъёмов 6+2-pin PCI-E - 2<br>Количество разъёмов 4-pin IDE (Molex) - 3<br>Количество разъёмов 15-pin SATA - 3<br>Количество разъёмов 4-pin Floppy - 1<br>Ток по линии +3.3 В - 20 A<br>Ток по линии +5 В - 17 A<br>Ток по линии +12 В 1 - 46 A<br>Ток по линии -12 В - 0.3 A<br>Ток по линии +5 В Standby - 2.5 A<br>Защита от перенапряжения - да<br>Защита от перегрузки - да<br>Защита от короткого замыкания - да<br>Сертификат 80 PLUS - нет<br>Отстёгивающиеся кабели - нет<br>Длина кабеля питания материнской платы - 50 см<br>Подсветка - нет<br>Цвета, использованные в оформлении - чёрный<br>Гарантия - 12 мес.<br>Сайт производителя - www.aerocool.com.tw<br><br><br>','чёрный',27,'AeroCool','',15,12,'Блок питания_9-0.png<br>Блок питания_9-1.png<br>Блок питания_9-2.png<br>','',3360,'Блок питания 600W AeroCool VX-600 PLUS',7),(1048,'---Основные---<br>Производитель - DeepCool<br>Код производителя - R-PM750D-FA0B-EU<br>Мощность - 750 Вт<br>Стандарт - ATX12V 2.4<br>PFC - активный<br>Размер вентилятора - 120 мм<br>Тип разъёма для материнской платы - 20+4 pin<br>Количество разъёмов 4+4-pin CPU - 2<br>Количество разъёмов 6+2-pin PCI-E - 3<br>Количество разъёмов 4-pin IDE (Molex) - 3<br>Количество разъёмов 15-pin SATA - 6<br>Ток по линии +3.3 В - 20 A<br>Ток по линии +5 В - 20 A<br>Ток по линии +12 В 1 - 62.5 A<br>Ток по линии -12 В - 0.3 A<br>Ток по линии +5 В Standby - 3 A<br>Защита от перенапряжения - да<br>Защита от перегрузки - да<br>Защита от короткого замыкания - да<br>Сертификат 80 PLUS - Gold<br>Отстёгивающиеся кабели - нет<br>Подсветка - нет<br>Цвета, использованные в оформлении - чёрный<br>Гарантия - 36 мес.<br>Сайт производителя - www.deepcool.com<br><br><br>','чёрный',93,'DeepCool','',0,36,'Блок питания_10-0.png<br>Блок питания_10-1.png<br>','',9030,'Блок питания 750W DeepCool PM750D',7),(1049,'---Основные---<br>Производитель - Be Quiet<br>Код производителя - BN328<br>Мощность - 650 Вт<br>Стандарт - ATX12V 2.52<br>PFC - активный<br>Размер вентилятора - 120 мм<br>Тип разъёма для материнской платы - 20+4 pin<br>Количество разъёмов 4-pin CPU - 1<br>Количество разъёмов 4+4-pin CPU - 1<br>Количество разъёмов 6+2-pin PCI-E - 2<br>Количество разъёмов 4-pin IDE (Molex) - 1<br>Количество разъёмов 15-pin SATA - 6<br>Ток по линии +3.3 В - 20 A<br>Ток по линии +5 В - 20 A<br>Ток по линии +12 В 1 - 54.17 A<br>Ток по линии -12 В - 0.3 A<br>Ток по линии +5 В Standby - 3 A<br>Защита от перенапряжения - да<br>Защита от перегрузки - да<br>Защита от короткого замыкания - да<br>Сертификат 80 PLUS - Bronze<br>Отстёгивающиеся кабели - нет<br>Длина кабеля питания материнской платы - 55 см<br>Подсветка - нет<br>Цвета, использованные в оформлении - чёрный<br>Вес - 1.86 кг<br>Гарантия - 36 мес.<br>Сайт производителя - www.bequiet.com<br><br><br>','чёрный',33,'Be Quiet','',5,36,'Блок питания_11-0.png<br>Блок питания_11-1.png<br>','',7260,'Блок питания 650W Be Quiet System Power 10',7),(1050,'---Основные---<br>Производитель - DeepCool<br>Код производителя - R-PM800D-FA0B-EU<br>Мощность - 800 Вт<br>Стандарт - ATX12V 2.4<br>PFC - активный<br>Размер вентилятора - 120 мм<br>Тип разъёма для материнской платы - 20+4 pin<br>Количество разъёмов 4+4-pin CPU - 2<br>Количество разъёмов 6+2-pin PCI-E - 3<br>Количество разъёмов 4-pin IDE (Molex) - 3<br>Количество разъёмов 15-pin SATA - 6<br>Ток по линии +3.3 В - 20 A<br>Ток по линии +5 В - 20 A<br>Ток по линии +12 В 1 - 66.5 A<br>Ток по линии -12 В - 0.3 A<br>Ток по линии +5 В Standby - 3 A<br>Защита от перенапряжения - да<br>Защита от перегрузки - да<br>Защита от короткого замыкания - да<br>Сертификат 80 PLUS - Gold<br>Отстёгивающиеся кабели - нет<br>Подсветка - нет<br>Цвета, использованные в оформлении - чёрный<br>Гарантия - 36 мес.<br>Сайт производителя - www.deepcool.com<br><br><br>','чёрный',12,'DeepCool','',10,36,'Блок питания_12-0.png<br>Блок питания_12-1.png<br>','',8830,'Блок питания 800W DeepCool PM800D',7),(1051,'---Основные---<br>Производитель - AeroCool<br>Код производителя - EN62758<br>Мощность - 500 Вт<br>Стандарт - ATX12V 2.3<br>PFC - активный<br>Размер вентилятора - 120 мм<br>Тип разъёма для материнской платы - 20+4 pin<br>Количество разъёмов 4+4-pin CPU - 1<br>Количество разъёмов 6+2-pin PCI-E - 1<br>Количество разъёмов 4-pin IDE (Molex) - 3<br>Количество разъёмов 15-pin SATA - 3<br>Количество разъёмов 4-pin Floppy - 1<br>Ток по линии +3.3 В - 18 A<br>Ток по линии +5 В - 16 A<br>Ток по линии +12 В 1 - 38 A<br>Ток по линии -12 В - 0.3 A<br>Ток по линии +5 В Standby - 2.5 A<br>Защита от перенапряжения - да<br>Защита от перегрузки - да<br>Защита от короткого замыкания - да<br>Сертификат 80 PLUS - нет<br>Отстёгивающиеся кабели - нет<br>Длина кабеля питания материнской платы - 50 см<br>Подсветка - нет<br>Цвета, использованные в оформлении - чёрный<br>Дополнительная информация - вентилятор работает на минимальной скорости до достижения 50% нагрузки (при температуре окружающей среды 25?)<br>Вес - 1.3 кг<br>Гарантия - официальная гарантия производителя<br>Сайт производителя - www.aerocool.com.tw<br><br><br>','чёрный',83,'AeroCool','',5,6,'Блок питания_13-0.png<br>Блок питания_13-1.png<br>Блок питания_13-2.png<br>','',2840,'Блок питания 500W AeroCool VX-500 PLUS',7),(1052,'---Основные---<br>Производитель - Chieftec<br>Код производителя - PPS-850FC-A3<br>Мощность - 850 Вт<br>Стандарт - ATX12V 3.0<br>PFC - активный<br>Размер вентилятора - 135 мм<br>Тип разъёма для материнской платы - 20+4 pin<br>Количество разъёмов 4+4-pin CPU - 2<br>Количество разъёмов 6+2-pin PCI-E - 2<br>Количество разъёмов 12+4-pin PCI-E 5.0 (12VHPWR) - 1<br>Количество разъёмов 4-pin IDE (Molex) - 4<br>Количество разъёмов 15-pin SATA - 12<br>Ток по линии +3.3 В - 22 A<br>Ток по линии +5 В - 22 A<br>Ток по линии +12 В 1 - 70.8 A<br>Ток по линии -12 В - 0.3 A<br>Ток по линии +5 В Standby - 3 A<br>Защита от перенапряжения - да<br>Защита от перегрузки - да<br>Защита от короткого замыкания - да<br>Сертификат 80 PLUS - Gold<br>Отстёгивающиеся кабели - да<br>Длина кабеля питания материнской платы - 65 см<br>Подсветка - нет<br>Цвета, использованные в оформлении - чёрный<br>Размеры (ШхВхГ) - 150 x 86 x 160 мм<br>Вес - 3.1 кг<br>Гарантия - 12 мес.<br>Сайт производителя - www.chieftec.eu<br><br><br>','чёрный',97,'Chieftec','',15,12,'Блок питания_14-0.png<br>Блок питания_14-1.png<br>Блок питания_14-2.png<br>','',12240,'Блок питания 850W Chieftec Polaris 3.0 (PPS-850FC-A3)',7),(1053,'---Основные---<br>Производитель - DeepCool<br>Код производителя - R-PM850D-FA0B-EU<br>Мощность - 850 Вт<br>Стандарт - ATX12V 2.4<br>PFC - активный<br>Размер вентилятора - 120 мм<br>Тип разъёма для материнской платы - 20+4 pin<br>Количество разъёмов 4+4-pin CPU - 2<br>Количество разъёмов 6+2-pin PCI-E - 3<br>Количество разъёмов 4-pin IDE (Molex) - 3<br>Количество разъёмов 15-pin SATA - 6<br>Ток по линии +3.3 В - 20 A<br>Ток по линии +5 В - 20 A<br>Ток по линии +12 В 1 - 70.5 A<br>Ток по линии -12 В - 0.3 A<br>Ток по линии +5 В Standby - 3 A<br>Защита от перенапряжения - да<br>Защита от перегрузки - да<br>Защита от короткого замыкания - да<br>Сертификат 80 PLUS - Gold<br>Отстёгивающиеся кабели - нет<br>Подсветка - нет<br>Цвета, использованные в оформлении - чёрный<br>Гарантия - 36 мес.<br>Сайт производителя - www.deepcool.com<br><br>','чёрный',88,'DeepCool','',0,36,'Блок питания_15-0.png<br>Блок питания_15-1.png<br>','',9740,'Блок питания 850W DeepCool PM850D',7);
/*!40000 ALTER TABLE component ENABLE KEYS */;
UNLOCK TABLES;

--
-- Table structure for table `component_type`
--

DROP TABLE IF EXISTS component_type;
/*!40101 SET @saved_cs_client     = @@character_set_client */;
/*!50503 SET character_set_client = utf8mb4 */;
CREATE TABLE component_type (
  id bigint NOT NULL AUTO_INCREMENT,
  title varchar(255) DEFAULT NULL,
  PRIMARY KEY (id)
) ENGINE=InnoDB AUTO_INCREMENT=8 DEFAULT CHARSET=utf8mb4 COLLATE=utf8mb4_0900_ai_ci;
/*!40101 SET character_set_client = @saved_cs_client */;

--
-- Dumping data for table `component_type`
--

LOCK TABLES component_type WRITE;
/*!40000 ALTER TABLE component_type DISABLE KEYS */;
INSERT INTO component_type VALUES (1,'Материнская плата'),(2,'Процессор'),(3,'Охлаждение'),(4,'Память'),(5,'Видеокарта'),(6,'Корпус'),(7,'Блок питания');
/*!40000 ALTER TABLE component_type ENABLE KEYS */;
UNLOCK TABLES;

--
-- Table structure for table `component_type_section`
--

DROP TABLE IF EXISTS component_type_section;
/*!40101 SET @saved_cs_client     = @@character_set_client */;
/*!50503 SET character_set_client = utf8mb4 */;
CREATE TABLE component_type_section (
  id bigint NOT NULL AUTO_INCREMENT,
  title varchar(255) DEFAULT NULL,
  component_type_id bigint DEFAULT NULL,
  PRIMARY KEY (id),
  KEY FKn1lfmokws6gdwhnx4p7wfj231 (component_type_id),
  CONSTRAINT FKn1lfmokws6gdwhnx4p7wfj231 FOREIGN KEY (component_type_id) REFERENCES component_type (id)
) ENGINE=InnoDB AUTO_INCREMENT=6 DEFAULT CHARSET=utf8mb4 COLLATE=utf8mb4_0900_ai_ci;
/*!40101 SET character_set_client = @saved_cs_client */;

--
-- Dumping data for table `component_type_section`
--

LOCK TABLES component_type_section WRITE;
/*!40000 ALTER TABLE component_type_section DISABLE KEYS */;
INSERT INTO component_type_section VALUES (1,'SSD',4),(2,'SSD M2',4),(3,'HDD',4),(4,'Жидкое',3),(5,'Башенное',3);
/*!40000 ALTER TABLE component_type_section ENABLE KEYS */;
UNLOCK TABLES;

--
-- Table structure for table `orders`
--

DROP TABLE IF EXISTS orders;
/*!40101 SET @saved_cs_client     = @@character_set_client */;
/*!50503 SET character_set_client = utf8mb4 */;
CREATE TABLE orders (
  id bigint NOT NULL AUTO_INCREMENT,
  assembly_code int DEFAULT NULL,
  bonuses_accrued int DEFAULT NULL,
  count int DEFAULT NULL,
  images varchar(255) DEFAULT NULL,
  number_order varchar(255) DEFAULT NULL,
  price int DEFAULT NULL,
  title varchar(255) DEFAULT NULL,
  pickup_point_id bigint DEFAULT NULL,
  status_id bigint DEFAULT NULL,
  user_id bigint DEFAULT NULL,
  PRIMARY KEY (id),
  KEY FKqetdvhs70xao9anqm19rl7vp8 (pickup_point_id),
  KEY FKnoettwqr56yaai4i8nwxg4huo (status_id),
  KEY FKhp7n1lf3m1igeo0mtmx8x8m0d (user_id),
  CONSTRAINT FKhp7n1lf3m1igeo0mtmx8x8m0d FOREIGN KEY (user_id) REFERENCES `account` (id),
  CONSTRAINT FKnoettwqr56yaai4i8nwxg4huo FOREIGN KEY (status_id) REFERENCES `status` (id),
  CONSTRAINT FKqetdvhs70xao9anqm19rl7vp8 FOREIGN KEY (pickup_point_id) REFERENCES pickup_point (id)
) ENGINE=InnoDB DEFAULT CHARSET=utf8mb4 COLLATE=utf8mb4_0900_ai_ci;
/*!40101 SET character_set_client = @saved_cs_client */;

--
-- Dumping data for table `orders`
--

LOCK TABLES orders WRITE;
/*!40000 ALTER TABLE orders DISABLE KEYS */;
/*!40000 ALTER TABLE orders ENABLE KEYS */;
UNLOCK TABLES;

--
-- Table structure for table `pickup_point`
--

DROP TABLE IF EXISTS pickup_point;
/*!40101 SET @saved_cs_client     = @@character_set_client */;
/*!50503 SET character_set_client = utf8mb4 */;
CREATE TABLE pickup_point (
  id bigint NOT NULL AUTO_INCREMENT,
  days int DEFAULT NULL,
  end_time datetime(6) DEFAULT NULL,
  start_time datetime(6) DEFAULT NULL,
  title varchar(255) DEFAULT NULL,
  city_id bigint DEFAULT NULL,
  PRIMARY KEY (id),
  KEY FKa2oi683pf20pla2b02b1monqw (city_id),
  CONSTRAINT FKa2oi683pf20pla2b02b1monqw FOREIGN KEY (city_id) REFERENCES city (id)
) ENGINE=InnoDB AUTO_INCREMENT=4 DEFAULT CHARSET=utf8mb4 COLLATE=utf8mb4_0900_ai_ci;
/*!40101 SET character_set_client = @saved_cs_client */;

--
-- Dumping data for table `pickup_point`
--

LOCK TABLES pickup_point WRITE;
/*!40000 ALTER TABLE pickup_point DISABLE KEYS */;
INSERT INTO pickup_point VALUES (1,2,'2023-11-23 00:00:00.000000','2023-11-21 00:00:00.000000','Ул. Советская 44',2),(2,4,'2023-11-19 00:00:00.000000','2023-11-15 00:00:00.000000','Ул. Мира 2',2),(3,8,'2023-11-11 00:00:00.000000','2023-11-03 00:00:00.000000','Ул. Баумана 5А',1);
/*!40000 ALTER TABLE pickup_point ENABLE KEYS */;
UNLOCK TABLES;

--
-- Table structure for table `status`
--

DROP TABLE IF EXISTS status;
/*!40101 SET @saved_cs_client     = @@character_set_client */;
/*!50503 SET character_set_client = utf8mb4 */;
CREATE TABLE `status` (
  id bigint NOT NULL AUTO_INCREMENT,
  title varchar(255) DEFAULT NULL,
  PRIMARY KEY (id)
) ENGINE=InnoDB AUTO_INCREMENT=4 DEFAULT CHARSET=utf8mb4 COLLATE=utf8mb4_0900_ai_ci;
/*!40101 SET character_set_client = @saved_cs_client */;

--
-- Dumping data for table `status`
--

LOCK TABLES status WRITE;
/*!40000 ALTER TABLE status DISABLE KEYS */;
INSERT INTO status VALUES (1,'В пути'),(2,'На сборке у продавца'),(3,'Готов к выдаче');
/*!40000 ALTER TABLE status ENABLE KEYS */;
UNLOCK TABLES;

--
-- Table structure for table `user_assembly`
--

DROP TABLE IF EXISTS user_assembly;
/*!40101 SET @saved_cs_client     = @@character_set_client */;
/*!50503 SET character_set_client = utf8mb4 */;
CREATE TABLE user_assembly (
  assembly_id bigint NOT NULL,
  user_id bigint NOT NULL,
  id bigint NOT NULL AUTO_INCREMENT,
  PRIMARY KEY (id),
  KEY FKhg4qijx496p168av21i9d7ewx (user_id),
  KEY FK6ojpha90fm30nfen901msltcc (assembly_id),
  CONSTRAINT FK6ojpha90fm30nfen901msltcc FOREIGN KEY (assembly_id) REFERENCES assembly (id),
  CONSTRAINT FKhg4qijx496p168av21i9d7ewx FOREIGN KEY (user_id) REFERENCES `account` (id)
) ENGINE=InnoDB AUTO_INCREMENT=17 DEFAULT CHARSET=utf8mb4 COLLATE=utf8mb4_0900_ai_ci;
/*!40101 SET character_set_client = @saved_cs_client */;

--
-- Dumping data for table `user_assembly`
--

LOCK TABLES user_assembly WRITE;
/*!40000 ALTER TABLE user_assembly DISABLE KEYS */;
INSERT INTO user_assembly VALUES (1,10,11),(3,10,14);
/*!40000 ALTER TABLE user_assembly ENABLE KEYS */;
UNLOCK TABLES;

--
-- Table structure for table `user_role`
--

DROP TABLE IF EXISTS user_role;
/*!40101 SET @saved_cs_client     = @@character_set_client */;
/*!50503 SET character_set_client = utf8mb4 */;
CREATE TABLE user_role (
  id bigint NOT NULL AUTO_INCREMENT,
  title varchar(255) DEFAULT NULL,
  PRIMARY KEY (id)
) ENGINE=InnoDB AUTO_INCREMENT=3 DEFAULT CHARSET=utf8mb4 COLLATE=utf8mb4_0900_ai_ci;
/*!40101 SET character_set_client = @saved_cs_client */;

--
-- Dumping data for table `user_role`
--

LOCK TABLES user_role WRITE;
/*!40000 ALTER TABLE user_role DISABLE KEYS */;
INSERT INTO user_role VALUES (1,'Клиент'),(2,'Админ');
/*!40000 ALTER TABLE user_role ENABLE KEYS */;
UNLOCK TABLES;
/*!40103 SET TIME_ZONE=@OLD_TIME_ZONE */;

/*!40101 SET SQL_MODE=@OLD_SQL_MODE */;
/*!40014 SET FOREIGN_KEY_CHECKS=@OLD_FOREIGN_KEY_CHECKS */;
/*!40014 SET UNIQUE_CHECKS=@OLD_UNIQUE_CHECKS */;
/*!40101 SET CHARACTER_SET_CLIENT=@OLD_CHARACTER_SET_CLIENT */;
/*!40101 SET CHARACTER_SET_RESULTS=@OLD_CHARACTER_SET_RESULTS */;
/*!40101 SET COLLATION_CONNECTION=@OLD_COLLATION_CONNECTION */;
/*!40111 SET SQL_NOTES=@OLD_SQL_NOTES */;

-- Dump completed on 2024-04-22 13:18:42
